"Sat, 06 Feb 16 22:04:13 +0100";17.625;17.562;13.812;17.625;1(Licht1);1(Licht2);4(LTIIst);0(UmluftIst);0(BoxluftIst);1(LTINeu);0(BoxluftNeu)
"Sat, 06 Feb 16 22:08:27 +0100";16.937;16.75;13.375;16.875;0(Licht1);0(Licht2);1(LTIIst);0(UmluftIst);0(BoxluftIst);1(LTINeu);0(BoxluftNeu)
"Sat, 06 Feb 16 22:10:16 +0100";16.687;16.562;13.25;16.875;0(Licht1);0(Licht2);1(LTIIst);1(UmluftIst);0(BoxluftIst);1(LTINeu);0(BoxluftNeu)
"Sat, 06 Feb 16 22:11:01 +0100";16.625;16.5;13.187;16.75;0(Licht1);0(Licht2);1(LTIIst);1(UmluftIst);0(BoxluftIst);1(LTINeu);0(BoxluftNeu)
"Sat, 06 Feb 16 22:12:02 +0100";16.562;16.437;13.125;16.687;0(Licht1);0(Licht2);1(LTIIst);1(UmluftIst);0(BoxluftIst);1(LTINeu);0(BoxluftNeu)
"Sat, 06 Feb 16 22:13:01 +0100";16.5;16.375;13.125;16.625;0(Licht1);0(Licht2);1(LTIIst);1(UmluftIst);0(BoxluftIst);1(LTINeu);0(BoxluftNeu)
"Sat, 06 Feb 16 22:14:01 +0100";16.437;16.312;13.062;16.625;0(Licht1);0(Licht2);1(LTIIst);1(UmluftIst);0(BoxluftIst);1(LTINeu);0(BoxluftNeu)
"Sat, 06 Feb 16 22:15:01 +0100";16.375;16.25;13;16.5;0(Licht1);0(Licht2);1(LTIIst);1(UmluftIst);0(BoxluftIst);1(LTINeu);0(BoxluftNeu)
"Sat, 06 Feb 16 22:16:02 +0100";16.312;16.187;13;16.5;0(Licht1);0(Licht2);1(LTIIst);1(UmluftIst);0(BoxluftIst);1(LTINeu);0(BoxluftNeu)
"Sat, 06 Feb 16 22:17:01 +0100";16.25;16.125;12.937;16.375;0(Licht1);0(Licht2);1(LTIIst);1(UmluftIst);0(BoxluftIst);1(LTINeu);0(BoxluftNeu)
"Sat, 06 Feb 16 22:18:01 +0100";16.187;16.062;12.875;16.312;0(Licht1);0(Licht2);1(LTIIst);1(UmluftIst);0(BoxluftIst);1(LTINeu);0(BoxluftNeu)
"Sat, 06 Feb 16 22:19:02 +0100";16.187;16;12.812;16.25;0(Licht1);0(Licht2);1(LTIIst);0(UmluftIst);0(BoxluftIst);1(LTINeu);0(BoxluftNeu)
"Sat, 06 Feb 16 22:20:01 +0100";16.062;15.937;12.812;16.187;0(Licht1);0(Licht2);1(LTIIst);0(UmluftIst);0(BoxluftIst);1(LTINeu);0(BoxluftNeu)
"Sat, 06 Feb 16 22:21:01 +0100";16;15.875;12.75;16.187;0(Licht1);0(Licht2);1(LTIIst);1(UmluftIst);0(BoxluftIst);1(LTINeu);0(BoxluftNeu)
"Sat, 06 Feb 16 22:22:01 +0100";15.875;15.875;12.687;16.125;0(Licht1);0(Licht2);1(LTIIst);1(UmluftIst);0(BoxluftIst);1(LTINeu);0(BoxluftNeu)
"Sat, 06 Feb 16 22:23:01 +0100";15.875;15.75;12.687;16.062;0(Licht1);0(Licht2);1(LTIIst);1(UmluftIst);0(BoxluftIst);1(LTINeu);0(BoxluftNeu)
"Sat, 06 Feb 16 22:24:01 +0100";15.875;15.75;12.687;16;0(Licht1);0(Licht2);1(LTIIst);1(UmluftIst);0(BoxluftIst);1(LTINeu);0(BoxluftNeu)
"Sat, 06 Feb 16 22:25:01 +0100";15.875;15.687;12.687;15.937;0(Licht1);0(Licht2);1(LTIIst);1(UmluftIst);0(BoxluftIst);1(LTINeu);0(BoxluftNeu)
"Sat, 06 Feb 16 22:26:01 +0100";15.812;15.687;12.625;15.875;0(Licht1);0(Licht2);1(LTIIst);1(UmluftIst);0(BoxluftIst);1(LTINeu);0(BoxluftNeu)
"Sat, 06 Feb 16 22:27:01 +0100";15.687;15.562;12.562;15.875;0(Licht1);0(Licht2);1(LTIIst);1(UmluftIst);0(BoxluftIst);1(LTINeu);0(BoxluftNeu)
"Sat, 06 Feb 16 22:28:01 +0100";15.687;15.562;12.562;15.875;0(Licht1);0(Licht2);1(LTIIst);1(UmluftIst);0(BoxluftIst);1(LTINeu);0(BoxluftNeu)
"Sat, 06 Feb 16 22:29:01 +0100";15.625;15.625;12.562;15.875;0(Licht1);0(Licht2);1(LTIIst);1(UmluftIst);0(BoxluftIst);1(LTINeu);0(BoxluftNeu)
"Sat, 06 Feb 16 22:30:02 +0100";15.5;15.625;12.5;15.875;0(Licht1);0(Licht2);1(LTIIst);1(UmluftIst);0(BoxluftIst);1(LTINeu);0(BoxluftNeu)
"Sat, 06 Feb 16 22:31:01 +0100";15.5;15.625;12.5;15.937;0(Licht1);0(Licht2);1(LTIIst);0(UmluftIst);0(BoxluftIst);1(LTINeu);0(BoxluftNeu)
"Sat, 06 Feb 16 22:32:01 +0100";15.5;15.562;12.437;15.875;0(Licht1);0(Licht2);1(LTIIst);0(UmluftIst);0(BoxluftIst);1(LTINeu);0(BoxluftNeu)
"Sat, 06 Feb 16 22:33:01 +0100";15.437;15.562;12.437;15.875;0(Licht1);0(Licht2);1(LTIIst);0(UmluftIst);0(BoxluftIst);1(LTINeu);0(BoxluftNeu)
"Sat, 06 Feb 16 22:34:02 +0100";15.375;15.562;12.437;15.875;0(Licht1);0(Licht2);1(LTIIst);0(UmluftIst);0(BoxluftIst);1(LTINeu);0(BoxluftNeu)
"Sat, 06 Feb 16 22:35:01 +0100";15.375;15.5;12.437;15.875;0(Licht1);0(Licht2);1(LTIIst);0(UmluftIst);0(BoxluftIst);1(LTINeu);0(BoxluftNeu)
"Sat, 06 Feb 16 22:36:01 +0100";15.375;15.437;12.312;15.812;0(Licht1);0(Licht2);1(LTIIst);0(UmluftIst);0(BoxluftIst);1(LTINeu);0(BoxluftNeu)
"Sat, 06 Feb 16 22:37:01 +0100";15.375;15.437;12.312;15.812;0(Licht1);0(Licht2);1(LTIIst);0(UmluftIst);0(BoxluftIst);1(LTINeu);0(BoxluftNeu)
"Sat, 06 Feb 16 22:38:01 +0100";15.312;15.437;12.312;15.812;0(Licht1);0(Licht2);1(LTIIst);0(UmluftIst);0(BoxluftIst);1(LTINeu);0(BoxluftNeu)
"Sat, 06 Feb 16 22:39:02 +0100";15.25;15.375;12.25;15.812;0(Licht1);0(Licht2);1(LTIIst);0(UmluftIst);0(BoxluftIst);1(LTINeu);0(BoxluftNeu)
"Sat, 06 Feb 16 22:40:01 +0100";15.25;15.375;12.187;15.75;0(Licht1);0(Licht2);1(LTIIst);0(UmluftIst);0(BoxluftIst);1(LTINeu);0(BoxluftNeu)
"Sat, 06 Feb 16 22:41:01 +0100";15.187;15.312;12.187;15.687;0(Licht1);0(Licht2);1(LTIIst);1(UmluftIst);0(BoxluftIst);1(LTINeu);0(BoxluftNeu)
"Sat, 06 Feb 16 22:42:01 +0100";15.125;15.25;12.187;15.562;0(Licht1);0(Licht2);1(LTIIst);1(UmluftIst);0(BoxluftIst);1(LTINeu);0(BoxluftNeu)
"Sat, 06 Feb 16 22:43:01 +0100";15.125;15.25;12.125;15.5;0(Licht1);0(Licht2);1(LTIIst);1(UmluftIst);0(BoxluftIst);1(LTINeu);0(BoxluftNeu)
"Sat, 06 Feb 16 22:44:01 +0100";15.062;15.125;12.125;15.437;0(Licht1);0(Licht2);1(LTIIst);1(UmluftIst);0(BoxluftIst);1(LTINeu);0(BoxluftNeu)
"Sat, 06 Feb 16 22:45:02 +0100";14.937;15.062;12.062;15.375;0(Licht1);0(Licht2);1(LTIIst);1(UmluftIst);0(BoxluftIst);1(LTINeu);0(BoxluftNeu)
"Sat, 06 Feb 16 22:46:01 +0100";14.937;15.062;12;15.312;0(Licht1);0(Licht2);1(LTIIst);1(UmluftIst);0(BoxluftIst);1(LTINeu);0(BoxluftNeu)
"Sat, 06 Feb 16 22:47:01 +0100";14.875;15;12;15.312;0(Licht1);0(Licht2);1(LTIIst);1(UmluftIst);0(BoxluftIst);1(LTINeu);0(BoxluftNeu)
"Sat, 06 Feb 16 22:48:02 +0100";14.812;15;11.937;15.25;0(Licht1);0(Licht2);1(LTIIst);1(UmluftIst);0(BoxluftIst);1(LTINeu);0(BoxluftNeu)
"Sat, 06 Feb 16 22:49:01 +0100";14.812;14.875;11.937;15.25;0(Licht1);0(Licht2);1(LTIIst);1(UmluftIst);0(BoxluftIst);1(LTINeu);0(BoxluftNeu)
"Sat, 06 Feb 16 22:50:01 +0100";14.812;14.875;11.875;15.187;0(Licht1);0(Licht2);1(LTIIst);1(UmluftIst);0(BoxluftIst);1(LTINeu);0(BoxluftNeu)
"Sat, 06 Feb 16 22:51:01 +0100";14.812;14.812;11.875;15.125;0(Licht1);0(Licht2);1(LTIIst);0(UmluftIst);0(BoxluftIst);1(LTINeu);0(BoxluftNeu)
"Sat, 06 Feb 16 22:52:01 +0100";14.687;14.75;11.812;15.062;0(Licht1);0(Licht2);1(LTIIst);0(UmluftIst);0(BoxluftIst);1(LTINeu);0(BoxluftNeu)
"Sat, 06 Feb 16 22:53:02 +0100";14.687;14.687;11.812;15.062;0(Licht1);0(Licht2);1(LTIIst);0(UmluftIst);0(BoxluftIst);1(LTINeu);0(BoxluftNeu)
"Sat, 06 Feb 16 22:54:01 +0100";14.625;14.687;11.812;14.937;0(Licht1);0(Licht2);1(LTIIst);0(UmluftIst);0(BoxluftIst);1(LTINeu);0(BoxluftNeu)
"Sat, 06 Feb 16 22:55:01 +0100";14.562;14.625;11.75;14.937;0(Licht1);0(Licht2);1(LTIIst);0(UmluftIst);0(BoxluftIst);1(LTINeu);0(BoxluftNeu)
"Sat, 06 Feb 16 22:56:01 +0100";14.437;14.562;11.75;14.875;0(Licht1);0(Licht2);1(LTIIst);0(UmluftIst);0(BoxluftIst);1(LTINeu);0(BoxluftNeu)
"Sat, 06 Feb 16 22:57:02 +0100";14.375;14.562;11.687;14.812;0(Licht1);0(Licht2);1(LTIIst);0(UmluftIst);0(BoxluftIst);1(LTINeu);0(BoxluftNeu)
"Sat, 06 Feb 16 22:58:01 +0100";14.375;14.5;11.687;14.75;0(Licht1);0(Licht2);1(LTIIst);0(UmluftIst);0(BoxluftIst);1(LTINeu);0(BoxluftNeu)
"Sat, 06 Feb 16 22:59:01 +0100";14.312;14.437;11.625;14.687;0(Licht1);0(Licht2);1(LTIIst);0(UmluftIst);0(BoxluftIst);1(LTINeu);0(BoxluftNeu)
"Sat, 06 Feb 16 23:00:01 +0100";14.25;14.437;11.562;14.687;0(Licht1);0(Licht2);1(LTIIst);0(UmluftIst);0(BoxluftIst);1(LTINeu);0(BoxluftNeu)
"Sat, 06 Feb 16 23:01:01 +0100";14.187;14.375;11.562;14.687;0(Licht1);0(Licht2);1(LTIIst);1(UmluftIst);0(BoxluftIst);1(LTINeu);0(BoxluftNeu)
"Sat, 06 Feb 16 23:02:01 +0100";14.187;14.312;11.562;14.562;0(Licht1);0(Licht2);1(LTIIst);1(UmluftIst);0(BoxluftIst);1(LTINeu);0(BoxluftNeu)
"Sat, 06 Feb 16 23:03:02 +0100";14.125;14.312;11.5;14.562;0(Licht1);0(Licht2);1(LTIIst);1(UmluftIst);0(BoxluftIst);1(LTINeu);0(BoxluftNeu)
"Sat, 06 Feb 16 23:04:01 +0100";14.062;14.25;11.5;14.5;0(Licht1);0(Licht2);1(LTIIst);1(UmluftIst);0(BoxluftIst);1(LTINeu);0(BoxluftNeu)
"Sat, 06 Feb 16 23:05:01 +0100";14;14.25;11.437;14.5;0(Licht1);0(Licht2);1(LTIIst);1(UmluftIst);0(BoxluftIst);1(LTINeu);0(BoxluftNeu)
"Sat, 06 Feb 16 23:06:01 +0100";13.937;14.187;11.375;14.437;0(Licht1);0(Licht2);1(LTIIst);1(UmluftIst);0(BoxluftIst);1(LTINeu);0(BoxluftNeu)
"Sat, 06 Feb 16 23:07:02 +0100";13.937;14.125;11.312;14.375;0(Licht1);0(Licht2);1(LTIIst);1(UmluftIst);0(BoxluftIst);1(LTINeu);0(BoxluftNeu)
"Sat, 06 Feb 16 23:08:01 +0100";13.875;14.125;11.312;14.375;0(Licht1);0(Licht2);1(LTIIst);1(UmluftIst);0(BoxluftIst);1(LTINeu);0(BoxluftNeu)
"Sat, 06 Feb 16 23:09:01 +0100";13.812;14.062;11.312;14.312;0(Licht1);0(Licht2);1(LTIIst);1(UmluftIst);0(BoxluftIst);1(LTINeu);0(BoxluftNeu)
"Sat, 06 Feb 16 23:10:01 +0100";13.812;14;11.25;14.312;0(Licht1);0(Licht2);1(LTIIst);1(UmluftIst);0(BoxluftIst);1(LTINeu);0(BoxluftNeu)
"Sat, 06 Feb 16 23:11:02 +0100";13.75;14;11.25;14.187;0(Licht1);0(Licht2);1(LTIIst);0(UmluftIst);0(BoxluftIst);1(LTINeu);0(BoxluftNeu)
"Sat, 06 Feb 16 23:12:01 +0100";13.687;13.937;11.25;14.125;0(Licht1);0(Licht2);1(LTIIst);0(UmluftIst);0(BoxluftIst);1(LTINeu);0(BoxluftNeu)
"Sat, 06 Feb 16 23:13:01 +0100";13.687;13.875;11.25;14.062;0(Licht1);0(Licht2);1(LTIIst);0(UmluftIst);0(BoxluftIst);1(LTINeu);0(BoxluftNeu)
"Sat, 06 Feb 16 23:14:01 +0100";13.687;13.875;11.187;14.062;0(Licht1);0(Licht2);1(LTIIst);0(UmluftIst);0(BoxluftIst);1(LTINeu);0(BoxluftNeu)
"Sat, 06 Feb 16 23:15:02 +0100";13.625;13.812;11.125;14;0(Licht1);0(Licht2);1(LTIIst);0(UmluftIst);0(BoxluftIst);1(LTINeu);0(BoxluftNeu)
"Sat, 06 Feb 16 23:16:01 +0100";13.687;13.75;11.125;14;0(Licht1);0(Licht2);1(LTIIst);0(UmluftIst);0(BoxluftIst);1(LTINeu);0(BoxluftNeu)
"Sat, 06 Feb 16 23:17:01 +0100";13.625;13.75;11.125;14;0(Licht1);0(Licht2);1(LTIIst);0(UmluftIst);0(BoxluftIst);1(LTINeu);0(BoxluftNeu)
"Sat, 06 Feb 16 23:18:01 +0100";13.562;13.75;11.125;14;0(Licht1);0(Licht2);1(LTIIst);0(UmluftIst);0(BoxluftIst);1(LTINeu);0(BoxluftNeu)
"Sat, 06 Feb 16 23:19:02 +0100";13.562;13.687;11.125;13.937;0(Licht1);0(Licht2);1(LTIIst);0(UmluftIst);0(BoxluftIst);1(LTINeu);0(BoxluftNeu)
"Sat, 06 Feb 16 23:20:01 +0100";13.562;13.687;11.125;13.937;0(Licht1);0(Licht2);1(LTIIst);0(UmluftIst);0(BoxluftIst);1(LTINeu);0(BoxluftNeu)
"Sat, 06 Feb 16 23:21:01 +0100";13.562;13.687;11.125;13.937;0(Licht1);0(Licht2);1(LTIIst);1(UmluftIst);0(BoxluftIst);1(LTINeu);0(BoxluftNeu)
"Sat, 06 Feb 16 23:22:01 +0100";13.625;13.687;11.125;13.937;0(Licht1);0(Licht2);1(LTIIst);1(UmluftIst);0(BoxluftIst);1(LTINeu);0(BoxluftNeu)
"Sat, 06 Feb 16 23:23:01 +0100";13.625;13.75;11.125;14;0(Licht1);0(Licht2);1(LTIIst);1(UmluftIst);0(BoxluftIst);1(LTINeu);0(BoxluftNeu)
"Sat, 06 Feb 16 23:24:01 +0100";13.625;13.75;11.125;14.062;0(Licht1);0(Licht2);1(LTIIst);1(UmluftIst);0(BoxluftIst);1(LTINeu);0(BoxluftNeu)
"Sat, 06 Feb 16 23:25:02 +0100";13.625;13.75;11.125;14.062;0(Licht1);0(Licht2);1(LTIIst);1(UmluftIst);0(BoxluftIst);1(LTINeu);0(BoxluftNeu)
"Sat, 06 Feb 16 23:26:01 +0100";13.687;13.812;11.125;14.062;0(Licht1);0(Licht2);1(LTIIst);1(UmluftIst);0(BoxluftIst);1(LTINeu);0(BoxluftNeu)
"Sat, 06 Feb 16 23:27:01 +0100";13.75;13.812;11.125;14.125;0(Licht1);0(Licht2);1(LTIIst);1(UmluftIst);0(BoxluftIst);1(LTINeu);0(BoxluftNeu)
"Sat, 06 Feb 16 23:28:02 +0100";13.75;13.812;11.125;14.125;0(Licht1);0(Licht2);1(LTIIst);1(UmluftIst);0(BoxluftIst);1(LTINeu);0(BoxluftNeu)
"Sat, 06 Feb 16 23:29:01 +0100";13.812;13.875;11.125;14.125;0(Licht1);0(Licht2);1(LTIIst);1(UmluftIst);0(BoxluftIst);1(LTINeu);0(BoxluftNeu)
"Sat, 06 Feb 16 23:30:01 +0100";13.875;13.875;11.125;14.062;0(Licht1);0(Licht2);1(LTIIst);1(UmluftIst);0(BoxluftIst);1(LTINeu);0(BoxluftNeu)
"Sat, 06 Feb 16 23:31:02 +0100";13.812;13.812;11.125;14.062;0(Licht1);0(Licht2);1(LTIIst);0(UmluftIst);0(BoxluftIst);1(LTINeu);0(BoxluftNeu)
"Sat, 06 Feb 16 23:32:01 +0100";13.812;13.875;11.125;14.125;0(Licht1);0(Licht2);1(LTIIst);0(UmluftIst);0(BoxluftIst);1(LTINeu);0(BoxluftNeu)
"Sat, 06 Feb 16 23:33:01 +0100";13.75;13.875;11.062;14.062;0(Licht1);0(Licht2);1(LTIIst);0(UmluftIst);0(BoxluftIst);1(LTINeu);0(BoxluftNeu)
"Sat, 06 Feb 16 23:34:01 +0100";13.812;13.812;11.125;14.062;0(Licht1);0(Licht2);1(LTIIst);0(UmluftIst);0(BoxluftIst);1(LTINeu);0(BoxluftNeu)
"Sat, 06 Feb 16 23:35:02 +0100";13.75;13.875;11.062;14.125;0(Licht1);0(Licht2);1(LTIIst);0(UmluftIst);0(BoxluftIst);1(LTINeu);0(BoxluftNeu)
"Sat, 06 Feb 16 23:36:01 +0100";13.812;13.875;11.062;14.125;0(Licht1);0(Licht2);1(LTIIst);0(UmluftIst);0(BoxluftIst);1(LTINeu);0(BoxluftNeu)
"Sat, 06 Feb 16 23:37:01 +0100";13.812;13.875;11.062;14.125;0(Licht1);0(Licht2);1(LTIIst);0(UmluftIst);0(BoxluftIst);1(LTINeu);0(BoxluftNeu)
"Sat, 06 Feb 16 23:38:01 +0100";13.812;13.875;11.062;14.187;0(Licht1);0(Licht2);1(LTIIst);0(UmluftIst);0(BoxluftIst);1(LTINeu);0(BoxluftNeu)
"Sat, 06 Feb 16 23:39:02 +0100";13.75;13.937;11.125;14.25;0(Licht1);0(Licht2);1(LTIIst);0(UmluftIst);0(BoxluftIst);1(LTINeu);0(BoxluftNeu)
"Sat, 06 Feb 16 23:40:01 +0100";13.75;13.937;11.062;14.312;0(Licht1);0(Licht2);1(LTIIst);0(UmluftIst);0(BoxluftIst);1(LTINeu);0(BoxluftNeu)
"Sat, 06 Feb 16 23:41:01 +0100";13.687;13.937;11.062;14.375;0(Licht1);0(Licht2);1(LTIIst);1(UmluftIst);0(BoxluftIst);1(LTINeu);0(BoxluftNeu)
"Sat, 06 Feb 16 23:42:01 +0100";13.687;13.937;11.062;14.375;0(Licht1);0(Licht2);1(LTIIst);1(UmluftIst);0(BoxluftIst);1(LTINeu);0(BoxluftNeu)
"Sat, 06 Feb 16 23:43:01 +0100";13.75;13.937;11;14.375;0(Licht1);0(Licht2);1(LTIIst);1(UmluftIst);0(BoxluftIst);1(LTINeu);0(BoxluftNeu)
"Sat, 06 Feb 16 23:44:01 +0100";13.75;13.875;11;14.312;0(Licht1);0(Licht2);1(LTIIst);1(UmluftIst);0(BoxluftIst);1(LTINeu);0(BoxluftNeu)
"Sat, 06 Feb 16 23:45:01 +0100";13.75;13.875;11;14.312;0(Licht1);0(Licht2);1(LTIIst);1(UmluftIst);0(BoxluftIst);1(LTINeu);0(BoxluftNeu)
"Sat, 06 Feb 16 23:46:01 +0100";13.75;13.875;11;14.25;0(Licht1);0(Licht2);1(LTIIst);1(UmluftIst);0(BoxluftIst);1(LTINeu);0(BoxluftNeu)
"Sat, 06 Feb 16 23:47:01 +0100";13.812;13.812;10.937;14.25;0(Licht1);0(Licht2);1(LTIIst);1(UmluftIst);0(BoxluftIst);1(LTINeu);0(BoxluftNeu)
"Sat, 06 Feb 16 23:48:01 +0100";13.812;13.812;10.937;14.25;0(Licht1);0(Licht2);1(LTIIst);1(UmluftIst);0(BoxluftIst);1(LTINeu);0(BoxluftNeu)
"Sat, 06 Feb 16 23:49:01 +0100";13.75;13.812;10.937;14.25;0(Licht1);0(Licht2);1(LTIIst);1(UmluftIst);0(BoxluftIst);1(LTINeu);0(BoxluftNeu)
"Sat, 06 Feb 16 23:50:01 +0100";13.75;13.812;10.937;14.187;0(Licht1);0(Licht2);1(LTIIst);1(UmluftIst);0(BoxluftIst);1(LTINeu);0(BoxluftNeu)
"Sat, 06 Feb 16 23:51:01 +0100";13.75;13.812;10.937;14.187;0(Licht1);0(Licht2);1(LTIIst);0(UmluftIst);0(BoxluftIst);1(LTINeu);0(BoxluftNeu)
"Sat, 06 Feb 16 23:52:01 +0100";13.687;13.812;10.937;14.187;0(Licht1);0(Licht2);1(LTIIst);0(UmluftIst);0(BoxluftIst);1(LTINeu);0(BoxluftNeu)
"Sat, 06 Feb 16 23:53:01 +0100";13.687;13.812;10.875;14.187;0(Licht1);0(Licht2);1(LTIIst);0(UmluftIst);0(BoxluftIst);1(LTINeu);0(BoxluftNeu)
"Sat, 06 Feb 16 23:54:01 +0100";13.687;13.812;10.875;14.187;0(Licht1);0(Licht2);1(LTIIst);0(UmluftIst);0(BoxluftIst);1(LTINeu);0(BoxluftNeu)
"Sat, 06 Feb 16 23:55:01 +0100";13.625;13.75;10.875;14.187;0(Licht1);0(Licht2);1(LTIIst);0(UmluftIst);0(BoxluftIst);1(LTINeu);0(BoxluftNeu)
"Sat, 06 Feb 16 23:56:02 +0100";13.625;13.75;10.875;14.062;0(Licht1);0(Licht2);1(LTIIst);0(UmluftIst);0(BoxluftIst);1(LTINeu);0(BoxluftNeu)
"Sat, 06 Feb 16 23:57:01 +0100";13.625;13.687;10.812;14;0(Licht1);0(Licht2);1(LTIIst);0(UmluftIst);0(BoxluftIst);1(LTINeu);0(BoxluftNeu)
"Sat, 06 Feb 16 23:58:01 +0100";13.625;13.625;10.812;13.937;0(Licht1);0(Licht2);1(LTIIst);0(UmluftIst);0(BoxluftIst);1(LTINeu);0(BoxluftNeu)
"Sat, 06 Feb 16 23:59:01 +0100";13.625;13.625;10.812;13.937;0(Licht1);0(Licht2);1(LTIIst);0(UmluftIst);0(BoxluftIst);1(LTINeu);0(BoxluftNeu)
"Sun, 07 Feb 16 00:00:02 +0100";13.437;13.562;10.75;13.875;0(Licht1);0(Licht2);1(LTIIst);0(UmluftIst);0(BoxluftIst);1(LTINeu);0(BoxluftNeu);"0(Umluft fuer 10)"
"Sun, 07 Feb 16 00:01:02 +0100";13.437;13.5;10.75;13.812;0(Licht1);0(Licht2);1(LTIIst);1(UmluftIst);0(BoxluftIst);1(LTINeu);0(BoxluftNeu)
"Sun, 07 Feb 16 00:02:01 +0100";13.375;13.5;10.687;13.812;0(Licht1);0(Licht2);1(LTIIst);1(UmluftIst);0(BoxluftIst);1(LTINeu);0(BoxluftNeu)
"Sun, 07 Feb 16 00:03:01 +0100";13.375;13.5;10.687;13.75;0(Licht1);0(Licht2);1(LTIIst);1(UmluftIst);0(BoxluftIst);1(LTINeu);0(BoxluftNeu)
"Sun, 07 Feb 16 00:04:01 +0100";13.312;13.437;10.625;13.687;0(Licht1);0(Licht2);1(LTIIst);1(UmluftIst);0(BoxluftIst);1(LTINeu);0(BoxluftNeu)
"Sun, 07 Feb 16 00:05:02 +0100";13.25;13.375;10.625;13.625;0(Licht1);0(Licht2);1(LTIIst);1(UmluftIst);0(BoxluftIst);1(LTINeu);0(BoxluftNeu)
"Sun, 07 Feb 16 00:06:01 +0100";13.187;13.375;10.625;13.625;0(Licht1);0(Licht2);1(LTIIst);1(UmluftIst);0(BoxluftIst);1(LTINeu);0(BoxluftNeu)
"Sun, 07 Feb 16 00:07:01 +0100";13.125;13.312;10.562;13.562;0(Licht1);0(Licht2);1(LTIIst);1(UmluftIst);0(BoxluftIst);1(LTINeu);0(BoxluftNeu)
"Sun, 07 Feb 16 00:08:01 +0100";13.062;13.25;10.562;13.5;0(Licht1);0(Licht2);1(LTIIst);1(UmluftIst);0(BoxluftIst);1(LTINeu);0(BoxluftNeu)
"Sun, 07 Feb 16 00:09:02 +0100";13;13.25;10.562;13.5;0(Licht1);0(Licht2);1(LTIIst);1(UmluftIst);0(BoxluftIst);1(LTINeu);0(BoxluftNeu)
"Sun, 07 Feb 16 00:10:01 +0100";13;13.187;10.5;13.437;0(Licht1);0(Licht2);1(LTIIst);1(UmluftIst);0(BoxluftIst);1(LTINeu);0(BoxluftNeu)
"Sun, 07 Feb 16 00:11:01 +0100";13;13.187;10.5;13.375;0(Licht1);0(Licht2);1(LTIIst);0(UmluftIst);0(BoxluftIst);1(LTINeu);0(BoxluftNeu)
"Sun, 07 Feb 16 00:12:01 +0100";12.937;13.125;10.5;13.312;0(Licht1);0(Licht2);1(LTIIst);0(UmluftIst);0(BoxluftIst);1(LTINeu);0(BoxluftNeu)
"Sun, 07 Feb 16 00:13:02 +0100";12.937;13.062;10.437;13.312;0(Licht1);0(Licht2);1(LTIIst);0(UmluftIst);0(BoxluftIst);1(LTINeu);0(BoxluftNeu)
"Sun, 07 Feb 16 00:14:01 +0100";12.875;13.062;10.437;13.25;0(Licht1);0(Licht2);1(LTIIst);0(UmluftIst);0(BoxluftIst);1(LTINeu);0(BoxluftNeu)
"Sun, 07 Feb 16 00:15:01 +0100";12.812;13;10.437;13.25;0(Licht1);0(Licht2);1(LTIIst);0(UmluftIst);0(BoxluftIst);1(LTINeu);0(BoxluftNeu)
"Sun, 07 Feb 16 00:16:02 +0100";12.812;12.937;10.437;13.187;0(Licht1);0(Licht2);1(LTIIst);0(UmluftIst);0(BoxluftIst);1(LTINeu);0(BoxluftNeu)
"Sun, 07 Feb 16 00:17:01 +0100";12.687;12.937;10.437;13.125;0(Licht1);0(Licht2);1(LTIIst);0(UmluftIst);0(BoxluftIst);1(LTINeu);0(BoxluftNeu)
"Sun, 07 Feb 16 00:18:01 +0100";12.687;12.937;10.375;13.125;0(Licht1);0(Licht2);1(LTIIst);0(UmluftIst);0(BoxluftIst);1(LTINeu);0(BoxluftNeu)
"Sun, 07 Feb 16 00:19:01 +0100";12.75;12.875;10.375;13.125;0(Licht1);0(Licht2);1(LTIIst);0(UmluftIst);0(BoxluftIst);1(LTINeu);0(BoxluftNeu)
"Sun, 07 Feb 16 00:20:02 +0100";12.75;12.937;10.375;13.187;0(Licht1);0(Licht2);1(LTIIst);0(UmluftIst);0(BoxluftIst);1(LTINeu);0(BoxluftNeu);"0(Umluft fuer 10)"
"Sun, 07 Feb 16 00:21:02 +0100";12.75;12.937;10.312;13.187;0(Licht1);0(Licht2);1(LTIIst);1(UmluftIst);0(BoxluftIst);1(LTINeu);0(BoxluftNeu)
"Sun, 07 Feb 16 00:22:01 +0100";12.75;12.937;10.312;13.187;0(Licht1);0(Licht2);1(LTIIst);1(UmluftIst);0(BoxluftIst);1(LTINeu);0(BoxluftNeu)
"Sun, 07 Feb 16 00:23:01 +0100";12.75;12.937;10.312;13.187;0(Licht1);0(Licht2);1(LTIIst);1(UmluftIst);0(BoxluftIst);1(LTINeu);0(BoxluftNeu)
"Sun, 07 Feb 16 00:24:02 +0100";12.812;13;10.312;13.187;0(Licht1);0(Licht2);1(LTIIst);1(UmluftIst);0(BoxluftIst);1(LTINeu);0(BoxluftNeu)
"Sun, 07 Feb 16 00:25:01 +0100";12.812;13;10.312;13.187;0(Licht1);0(Licht2);1(LTIIst);1(UmluftIst);0(BoxluftIst);1(LTINeu);0(BoxluftNeu)
"Sun, 07 Feb 16 00:26:01 +0100";12.875;13;10.375;13.312;0(Licht1);0(Licht2);1(LTIIst);1(UmluftIst);0(BoxluftIst);1(LTINeu);0(BoxluftNeu)
"Sun, 07 Feb 16 00:27:01 +0100";12.875;13;10.312;13.312;0(Licht1);0(Licht2);1(LTIIst);1(UmluftIst);0(BoxluftIst);1(LTINeu);0(BoxluftNeu)
"Sun, 07 Feb 16 00:28:02 +0100";12.875;13.062;10.312;13.375;0(Licht1);0(Licht2);1(LTIIst);1(UmluftIst);0(BoxluftIst);1(LTINeu);0(BoxluftNeu)
"Sun, 07 Feb 16 00:29:01 +0100";12.875;13.062;10.375;13.375;0(Licht1);0(Licht2);1(LTIIst);1(UmluftIst);0(BoxluftIst);1(LTINeu);0(BoxluftNeu)
"Sun, 07 Feb 16 00:30:01 +0100";12.937;13.125;10.375;13.375;0(Licht1);0(Licht2);1(LTIIst);1(UmluftIst);0(BoxluftIst);1(LTINeu);0(BoxluftNeu)
"Sun, 07 Feb 16 00:31:01 +0100";12.937;13.125;10.375;13.5;0(Licht1);0(Licht2);1(LTIIst);0(UmluftIst);0(BoxluftIst);1(LTINeu);0(BoxluftNeu)
"Sun, 07 Feb 16 00:32:02 +0100";12.937;13.125;10.312;13.5;0(Licht1);0(Licht2);1(LTIIst);0(UmluftIst);0(BoxluftIst);1(LTINeu);0(BoxluftNeu)
"Sun, 07 Feb 16 00:33:01 +0100";13;13.125;10.312;13.562;0(Licht1);0(Licht2);1(LTIIst);0(UmluftIst);0(BoxluftIst);1(LTINeu);0(BoxluftNeu)
"Sun, 07 Feb 16 00:34:01 +0100";13;13.187;10.312;13.562;0(Licht1);0(Licht2);1(LTIIst);0(UmluftIst);0(BoxluftIst);1(LTINeu);0(BoxluftNeu)
"Sun, 07 Feb 16 00:35:01 +0100";13;13.187;10.312;13.562;0(Licht1);0(Licht2);1(LTIIst);0(UmluftIst);0(BoxluftIst);1(LTINeu);0(BoxluftNeu)
"Sun, 07 Feb 16 00:36:02 +0100";13.062;13.187;10.25;13.562;0(Licht1);0(Licht2);1(LTIIst);0(UmluftIst);0(BoxluftIst);1(LTINeu);0(BoxluftNeu)
"Sun, 07 Feb 16 00:37:01 +0100";13.062;13.187;10.25;13.562;0(Licht1);0(Licht2);1(LTIIst);0(UmluftIst);0(BoxluftIst);1(LTINeu);0(BoxluftNeu)
"Sun, 07 Feb 16 00:38:01 +0100";13.062;13.125;10.25;13.562;0(Licht1);0(Licht2);1(LTIIst);0(UmluftIst);0(BoxluftIst);1(LTINeu);0(BoxluftNeu)
"Sun, 07 Feb 16 00:39:01 +0100";13.125;13.187;10.25;13.562;0(Licht1);0(Licht2);1(LTIIst);0(UmluftIst);0(BoxluftIst);1(LTINeu);0(BoxluftNeu)
"Sun, 07 Feb 16 00:40:02 +0100";13.125;13.187;10.25;13.562;0(Licht1);0(Licht2);1(LTIIst);0(UmluftIst);0(BoxluftIst);1(LTINeu);0(BoxluftNeu);"0(Umluft fuer 10)"
"Sun, 07 Feb 16 00:41:02 +0100";13.125;13.187;10.25;13.562;0(Licht1);0(Licht2);1(LTIIst);1(UmluftIst);0(BoxluftIst);1(LTINeu);0(BoxluftNeu)
"Sun, 07 Feb 16 00:42:01 +0100";13.125;13.187;10.25;13.625;0(Licht1);0(Licht2);1(LTIIst);1(UmluftIst);0(BoxluftIst);1(LTINeu);0(BoxluftNeu)
"Sun, 07 Feb 16 00:43:01 +0100";13.125;13.187;10.25;13.625;0(Licht1);0(Licht2);1(LTIIst);1(UmluftIst);0(BoxluftIst);1(LTINeu);0(BoxluftNeu)
"Sun, 07 Feb 16 00:44:02 +0100";13.125;13.187;10.25;13.625;0(Licht1);0(Licht2);1(LTIIst);1(UmluftIst);0(BoxluftIst);1(LTINeu);0(BoxluftNeu)
"Sun, 07 Feb 16 00:45:01 +0100";13.125;13.25;10.25;13.625;0(Licht1);0(Licht2);1(LTIIst);1(UmluftIst);0(BoxluftIst);1(LTINeu);0(BoxluftNeu)
"Sun, 07 Feb 16 00:46:01 +0100";13.125;13.25;10.25;13.625;0(Licht1);0(Licht2);1(LTIIst);1(UmluftIst);0(BoxluftIst);1(LTINeu);0(BoxluftNeu)
"Sun, 07 Feb 16 00:47:01 +0100";13.125;13.25;10.25;13.625;0(Licht1);0(Licht2);1(LTIIst);1(UmluftIst);0(BoxluftIst);1(LTINeu);0(BoxluftNeu)
"Sun, 07 Feb 16 00:48:02 +0100";13.125;13.25;10.25;13.625;0(Licht1);0(Licht2);1(LTIIst);1(UmluftIst);0(BoxluftIst);1(LTINeu);0(BoxluftNeu)
"Sun, 07 Feb 16 00:49:01 +0100";13.187;13.25;10.25;13.625;0(Licht1);0(Licht2);1(LTIIst);1(UmluftIst);0(BoxluftIst);1(LTINeu);0(BoxluftNeu)
"Sun, 07 Feb 16 00:50:01 +0100";13.187;13.25;10.25;13.687;0(Licht1);0(Licht2);1(LTIIst);1(UmluftIst);0(BoxluftIst);1(LTINeu);0(BoxluftNeu)
"Sun, 07 Feb 16 00:51:01 +0100";13.187;13.25;10.187;13.625;0(Licht1);0(Licht2);1(LTIIst);0(UmluftIst);0(BoxluftIst);1(LTINeu);0(BoxluftNeu)
"Sun, 07 Feb 16 00:52:02 +0100";13.25;13.25;10.187;13.687;0(Licht1);0(Licht2);1(LTIIst);0(UmluftIst);0(BoxluftIst);1(LTINeu);0(BoxluftNeu)
"Sun, 07 Feb 16 00:53:01 +0100";13.25;13.25;10.187;13.687;0(Licht1);0(Licht2);1(LTIIst);0(UmluftIst);0(BoxluftIst);1(LTINeu);0(BoxluftNeu)
"Sun, 07 Feb 16 00:54:01 +0100";13.187;13.25;10.187;13.687;0(Licht1);0(Licht2);1(LTIIst);0(UmluftIst);0(BoxluftIst);1(LTINeu);0(BoxluftNeu)
"Sun, 07 Feb 16 00:55:01 +0100";13.312;13.187;10.187;13.625;0(Licht1);0(Licht2);1(LTIIst);0(UmluftIst);0(BoxluftIst);1(LTINeu);0(BoxluftNeu)
"Sun, 07 Feb 16 00:56:01 +0100";13.25;13.187;10.187;13.687;0(Licht1);0(Licht2);1(LTIIst);0(UmluftIst);0(BoxluftIst);1(LTINeu);0(BoxluftNeu)
"Sun, 07 Feb 16 00:57:01 +0100";13.125;13.187;10.25;13.687;0(Licht1);0(Licht2);1(LTIIst);0(UmluftIst);0(BoxluftIst);1(LTINeu);0(BoxluftNeu)
"Sun, 07 Feb 16 00:58:02 +0100";13.125;13.187;10.25;13.687;0(Licht1);0(Licht2);1(LTIIst);0(UmluftIst);0(BoxluftIst);1(LTINeu);0(BoxluftNeu)
"Sun, 07 Feb 16 00:59:01 +0100";13.125;13.25;10.187;13.687;0(Licht1);0(Licht2);1(LTIIst);0(UmluftIst);0(BoxluftIst);1(LTINeu);0(BoxluftNeu)
"Sun, 07 Feb 16 01:00:02 +0100";13.125;13.187;10.187;13.687;0(Licht1);0(Licht2);1(LTIIst);0(UmluftIst);0(BoxluftIst);1(LTINeu);0(BoxluftNeu);"0(Umluft fuer 10)"
"Sun, 07 Feb 16 01:01:01 +0100";13.125;13.187;10.125;13.625;0(Licht1);0(Licht2);1(LTIIst);1(UmluftIst);0(BoxluftIst);1(LTINeu);0(BoxluftNeu)
"Sun, 07 Feb 16 01:02:01 +0100";13.125;13.187;10.125;13.687;0(Licht1);0(Licht2);1(LTIIst);1(UmluftIst);0(BoxluftIst);1(LTINeu);0(BoxluftNeu)
"Sun, 07 Feb 16 01:03:01 +0100";13.062;13.187;10.125;13.687;0(Licht1);0(Licht2);1(LTIIst);1(UmluftIst);0(BoxluftIst);1(LTINeu);0(BoxluftNeu)
"Sun, 07 Feb 16 01:04:01 +0100";13.062;13.187;10.125;13.687;0(Licht1);0(Licht2);1(LTIIst);1(UmluftIst);0(BoxluftIst);1(LTINeu);0(BoxluftNeu)
"Sun, 07 Feb 16 01:05:01 +0100";13;13.187;10.125;13.687;0(Licht1);0(Licht2);1(LTIIst);1(UmluftIst);0(BoxluftIst);1(LTINeu);0(BoxluftNeu)
"Sun, 07 Feb 16 01:06:02 +0100";13;13.187;10.125;13.687;0(Licht1);0(Licht2);1(LTIIst);1(UmluftIst);0(BoxluftIst);1(LTINeu);0(BoxluftNeu)
"Sun, 07 Feb 16 01:07:01 +0100";13;13.187;10.125;13.687;0(Licht1);0(Licht2);1(LTIIst);1(UmluftIst);0(BoxluftIst);1(LTINeu);0(BoxluftNeu)
"Sun, 07 Feb 16 01:08:01 +0100";13;13.187;10.062;13.687;0(Licht1);0(Licht2);1(LTIIst);1(UmluftIst);0(BoxluftIst);1(LTINeu);0(BoxluftNeu)
"Sun, 07 Feb 16 01:09:01 +0100";13.062;13.125;10.062;13.687;0(Licht1);0(Licht2);1(LTIIst);1(UmluftIst);0(BoxluftIst);1(LTINeu);0(BoxluftNeu)
"Sun, 07 Feb 16 01:10:01 +0100";13.062;13.062;10;13.562;0(Licht1);0(Licht2);1(LTIIst);1(UmluftIst);0(BoxluftIst);1(LTINeu);0(BoxluftNeu)
"Sun, 07 Feb 16 01:11:02 +0100";13.062;13.062;10;13.562;0(Licht1);0(Licht2);1(LTIIst);0(UmluftIst);0(BoxluftIst);1(LTINeu);0(BoxluftNeu)
"Sun, 07 Feb 16 01:12:01 +0100";13.062;13.062;10.062;13.562;0(Licht1);0(Licht2);1(LTIIst);0(UmluftIst);0(BoxluftIst);1(LTINeu);0(BoxluftNeu)
"Sun, 07 Feb 16 01:13:01 +0100";13.062;13.062;10;13.562;0(Licht1);0(Licht2);1(LTIIst);0(UmluftIst);0(BoxluftIst);1(LTINeu);0(BoxluftNeu)
"Sun, 07 Feb 16 01:14:01 +0100";13.062;13.125;10;13.562;0(Licht1);0(Licht2);1(LTIIst);0(UmluftIst);0(BoxluftIst);1(LTINeu);0(BoxluftNeu)
"Sun, 07 Feb 16 01:15:01 +0100";13.125;13.062;10;13.562;0(Licht1);0(Licht2);1(LTIIst);0(UmluftIst);0(BoxluftIst);1(LTINeu);0(BoxluftNeu)
"Sun, 07 Feb 16 01:16:01 +0100";13.125;13.062;10;13.5;0(Licht1);0(Licht2);1(LTIIst);0(UmluftIst);0(BoxluftIst);1(LTINeu);0(BoxluftNeu)
"Sun, 07 Feb 16 01:17:01 +0100";13.125;13;10;13.5;0(Licht1);0(Licht2);1(LTIIst);0(UmluftIst);0(BoxluftIst);1(LTINeu);0(BoxluftNeu)
"Sun, 07 Feb 16 01:18:02 +0100";13.125;13;9.937;13.5;0(Licht1);0(Licht2);1(LTIIst);0(UmluftIst);0(BoxluftIst);1(LTINeu);0(BoxluftNeu)
"Sun, 07 Feb 16 01:19:01 +0100";13.125;13;10;13.437;0(Licht1);0(Licht2);1(LTIIst);0(UmluftIst);0(BoxluftIst);1(LTINeu);0(BoxluftNeu)
"Sun, 07 Feb 16 01:20:01 +0100";13.125;13;9.937;13.437;0(Licht1);0(Licht2);1(LTIIst);0(UmluftIst);0(BoxluftIst);1(LTINeu);0(BoxluftNeu);"0(Umluft fuer 10)"
"Sun, 07 Feb 16 01:21:01 +0100";13.062;13;9.937;13.5;0(Licht1);0(Licht2);1(LTIIst);1(UmluftIst);0(BoxluftIst);1(LTINeu);0(BoxluftNeu)
"Sun, 07 Feb 16 01:22:01 +0100";13.062;13;9.937;13.5;0(Licht1);0(Licht2);1(LTIIst);1(UmluftIst);0(BoxluftIst);1(LTINeu);0(BoxluftNeu)
"Sun, 07 Feb 16 01:23:01 +0100";13.062;13;9.937;13.437;0(Licht1);0(Licht2);1(LTIIst);1(UmluftIst);0(BoxluftIst);1(LTINeu);0(BoxluftNeu)
"Sun, 07 Feb 16 01:24:02 +0100";13;12.937;9.937;13.375;0(Licht1);0(Licht2);1(LTIIst);1(UmluftIst);0(BoxluftIst);1(LTINeu);0(BoxluftNeu)
"Sun, 07 Feb 16 01:25:01 +0100";13;12.937;9.937;13.375;0(Licht1);0(Licht2);1(LTIIst);1(UmluftIst);0(BoxluftIst);1(LTINeu);0(BoxluftNeu)
"Sun, 07 Feb 16 01:26:01 +0100";13;12.875;9.937;13.375;0(Licht1);0(Licht2);1(LTIIst);1(UmluftIst);0(BoxluftIst);1(LTINeu);0(BoxluftNeu)
"Sun, 07 Feb 16 01:27:01 +0100";12.937;12.875;9.937;13.375;0(Licht1);0(Licht2);1(LTIIst);1(UmluftIst);0(BoxluftIst);1(LTINeu);0(BoxluftNeu)
"Sun, 07 Feb 16 01:28:02 +0100";13;12.937;9.875;13.375;0(Licht1);0(Licht2);1(LTIIst);1(UmluftIst);0(BoxluftIst);1(LTINeu);0(BoxluftNeu)
"Sun, 07 Feb 16 01:29:01 +0100";13;12.937;9.875;13.375;0(Licht1);0(Licht2);1(LTIIst);1(UmluftIst);0(BoxluftIst);1(LTINeu);0(BoxluftNeu)
"Sun, 07 Feb 16 01:30:01 +0100";13.062;12.937;9.875;13.437;0(Licht1);0(Licht2);1(LTIIst);0(UmluftIst);0(BoxluftIst);1(LTINeu);0(BoxluftNeu)
"Sun, 07 Feb 16 01:31:01 +0100";13.062;12.937;9.875;13.437;0(Licht1);0(Licht2);1(LTIIst);0(UmluftIst);0(BoxluftIst);1(LTINeu);0(BoxluftNeu)
"Sun, 07 Feb 16 01:32:01 +0100";13;12.937;9.875;13.375;0(Licht1);0(Licht2);1(LTIIst);0(UmluftIst);0(BoxluftIst);1(LTINeu);0(BoxluftNeu)
"Sun, 07 Feb 16 01:33:01 +0100";13;12.937;9.937;13.375;0(Licht1);0(Licht2);1(LTIIst);0(UmluftIst);0(BoxluftIst);1(LTINeu);0(BoxluftNeu)
"Sun, 07 Feb 16 01:34:01 +0100";13;12.875;9.875;13.375;0(Licht1);0(Licht2);1(LTIIst);0(UmluftIst);0(BoxluftIst);1(LTINeu);0(BoxluftNeu)
"Sun, 07 Feb 16 01:35:02 +0100";13;12.875;9.875;13.312;0(Licht1);0(Licht2);1(LTIIst);0(UmluftIst);0(BoxluftIst);1(LTINeu);0(BoxluftNeu)
"Sun, 07 Feb 16 01:36:01 +0100";13;12.875;9.875;13.312;0(Licht1);0(Licht2);1(LTIIst);0(UmluftIst);0(BoxluftIst);1(LTINeu);0(BoxluftNeu)
"Sun, 07 Feb 16 01:37:01 +0100";12.937;12.812;9.875;13.312;0(Licht1);0(Licht2);1(LTIIst);0(UmluftIst);0(BoxluftIst);1(LTINeu);0(BoxluftNeu)
"Sun, 07 Feb 16 01:38:01 +0100";12.937;12.875;9.875;13.312;0(Licht1);0(Licht2);1(LTIIst);0(UmluftIst);0(BoxluftIst);1(LTINeu);0(BoxluftNeu)
"Sun, 07 Feb 16 01:39:02 +0100";12.937;12.875;9.812;13.25;0(Licht1);0(Licht2);1(LTIIst);0(UmluftIst);0(BoxluftIst);1(LTINeu);0(BoxluftNeu)
"Sun, 07 Feb 16 01:40:01 +0100";12.937;12.875;9.812;13.312;0(Licht1);0(Licht2);1(LTIIst);0(UmluftIst);0(BoxluftIst);1(LTINeu);0(BoxluftNeu);"0(Umluft fuer 10)"
"Sun, 07 Feb 16 01:41:01 +0100";12.937;12.875;9.812;13.312;0(Licht1);0(Licht2);1(LTIIst);1(UmluftIst);0(BoxluftIst);1(LTINeu);0(BoxluftNeu)
"Sun, 07 Feb 16 01:42:01 +0100";12.937;12.875;9.812;13.312;0(Licht1);0(Licht2);1(LTIIst);1(UmluftIst);0(BoxluftIst);1(LTINeu);0(BoxluftNeu)
"Sun, 07 Feb 16 01:43:01 +0100";13;12.875;9.812;13.375;0(Licht1);0(Licht2);1(LTIIst);1(UmluftIst);0(BoxluftIst);1(LTINeu);0(BoxluftNeu)
"Sun, 07 Feb 16 01:44:02 +0100";13;12.875;9.812;13.312;0(Licht1);0(Licht2);1(LTIIst);1(UmluftIst);0(BoxluftIst);1(LTINeu);0(BoxluftNeu)
"Sun, 07 Feb 16 01:45:01 +0100";13;12.875;9.75;13.312;0(Licht1);0(Licht2);1(LTIIst);1(UmluftIst);0(BoxluftIst);1(LTINeu);0(BoxluftNeu)
"Sun, 07 Feb 16 01:46:01 +0100";13;12.875;9.75;13.375;0(Licht1);0(Licht2);1(LTIIst);1(UmluftIst);0(BoxluftIst);1(LTINeu);0(BoxluftNeu)
"Sun, 07 Feb 16 01:47:01 +0100";13;12.875;9.75;13.312;0(Licht1);0(Licht2);1(LTIIst);1(UmluftIst);0(BoxluftIst);1(LTINeu);0(BoxluftNeu)
"Sun, 07 Feb 16 01:48:01 +0100";13;12.875;9.75;13.312;0(Licht1);0(Licht2);1(LTIIst);1(UmluftIst);0(BoxluftIst);1(LTINeu);0(BoxluftNeu)
"Sun, 07 Feb 16 01:49:01 +0100";13;12.875;9.75;13.312;0(Licht1);0(Licht2);1(LTIIst);1(UmluftIst);0(BoxluftIst);1(LTINeu);0(BoxluftNeu)
"Sun, 07 Feb 16 01:50:01 +0100";13;12.875;9.75;13.312;0(Licht1);0(Licht2);1(LTIIst);1(UmluftIst);0(BoxluftIst);1(LTINeu);0(BoxluftNeu)
"Sun, 07 Feb 16 01:51:02 +0100";13;12.812;9.75;13.312;0(Licht1);0(Licht2);1(LTIIst);0(UmluftIst);0(BoxluftIst);1(LTINeu);0(BoxluftNeu)
"Sun, 07 Feb 16 01:52:01 +0100";13.062;12.875;9.75;13.312;0(Licht1);0(Licht2);1(LTIIst);0(UmluftIst);0(BoxluftIst);1(LTINeu);0(BoxluftNeu)
"Sun, 07 Feb 16 01:53:01 +0100";13.062;12.875;9.687;13.312;0(Licht1);0(Licht2);1(LTIIst);0(UmluftIst);0(BoxluftIst);1(LTINeu);0(BoxluftNeu)
"Sun, 07 Feb 16 01:54:01 +0100";13;12.812;9.687;13.312;0(Licht1);0(Licht2);1(LTIIst);0(UmluftIst);0(BoxluftIst);1(LTINeu);0(BoxluftNeu)
"Sun, 07 Feb 16 01:55:01 +0100";13;12.875;9.687;13.312;0(Licht1);0(Licht2);1(LTIIst);0(UmluftIst);0(BoxluftIst);1(LTINeu);0(BoxluftNeu)
"Sun, 07 Feb 16 01:56:02 +0100";12.937;12.812;9.687;13.312;0(Licht1);0(Licht2);1(LTIIst);0(UmluftIst);0(BoxluftIst);1(LTINeu);0(BoxluftNeu)
"Sun, 07 Feb 16 01:57:01 +0100";12.937;12.812;9.687;13.312;0(Licht1);0(Licht2);1(LTIIst);0(UmluftIst);0(BoxluftIst);1(LTINeu);0(BoxluftNeu)
"Sun, 07 Feb 16 01:58:01 +0100";12.937;12.812;9.625;13.312;0(Licht1);0(Licht2);1(LTIIst);0(UmluftIst);0(BoxluftIst);1(LTINeu);0(BoxluftNeu)
"Sun, 07 Feb 16 01:59:01 +0100";12.937;12.812;9.625;13.312;0(Licht1);0(Licht2);1(LTIIst);0(UmluftIst);0(BoxluftIst);1(LTINeu);0(BoxluftNeu)
"Sun, 07 Feb 16 02:00:02 +0100";12.937;12.812;9.625;13.25;0(Licht1);0(Licht2);1(LTIIst);0(UmluftIst);0(BoxluftIst);1(LTINeu);0(BoxluftNeu);"0(Umluft fuer 10)"
"Sun, 07 Feb 16 02:01:02 +0100";12.937;12.75;9.625;13.25;0(Licht1);0(Licht2);1(LTIIst);1(UmluftIst);0(BoxluftIst);1(LTINeu);0(BoxluftNeu)
"Sun, 07 Feb 16 02:02:01 +0100";12.937;12.687;9.625;13.187;0(Licht1);0(Licht2);1(LTIIst);1(UmluftIst);0(BoxluftIst);1(LTINeu);0(BoxluftNeu)
"Sun, 07 Feb 16 02:03:01 +0100";12.875;12.687;9.625;13.187;0(Licht1);0(Licht2);1(LTIIst);1(UmluftIst);0(BoxluftIst);1(LTINeu);0(BoxluftNeu)
"Sun, 07 Feb 16 02:04:02 +0100";12.812;12.687;9.625;13.187;0(Licht1);0(Licht2);1(LTIIst);1(UmluftIst);0(BoxluftIst);1(LTINeu);0(BoxluftNeu)
"Sun, 07 Feb 16 02:05:01 +0100";12.875;12.687;9.625;13.125;0(Licht1);0(Licht2);1(LTIIst);1(UmluftIst);0(BoxluftIst);1(LTINeu);0(BoxluftNeu)
"Sun, 07 Feb 16 02:06:01 +0100";12.875;12.687;9.625;13.125;0(Licht1);0(Licht2);1(LTIIst);1(UmluftIst);0(BoxluftIst);1(LTINeu);0(BoxluftNeu)
"Sun, 07 Feb 16 02:07:01 +0100";12.875;12.687;9.625;13.125;0(Licht1);0(Licht2);1(LTIIst);1(UmluftIst);0(BoxluftIst);1(LTINeu);0(BoxluftNeu)
"Sun, 07 Feb 16 02:08:02 +0100";12.875;12.687;9.625;13.125;0(Licht1);0(Licht2);1(LTIIst);1(UmluftIst);0(BoxluftIst);1(LTINeu);0(BoxluftNeu)
"Sun, 07 Feb 16 02:09:01 +0100";12.875;12.687;9.625;13.125;0(Licht1);0(Licht2);1(LTIIst);1(UmluftIst);0(BoxluftIst);1(LTINeu);0(BoxluftNeu)
"Sun, 07 Feb 16 02:10:01 +0100";12.875;12.687;9.625;13.125;0(Licht1);0(Licht2);1(LTIIst);1(UmluftIst);0(BoxluftIst);1(LTINeu);0(BoxluftNeu)
"Sun, 07 Feb 16 02:11:01 +0100";12.875;12.687;9.562;13.187;0(Licht1);0(Licht2);1(LTIIst);0(UmluftIst);0(BoxluftIst);1(LTINeu);0(BoxluftNeu)
"Sun, 07 Feb 16 02:12:02 +0100";12.875;12.687;9.562;13.187;0(Licht1);0(Licht2);1(LTIIst);0(UmluftIst);0(BoxluftIst);1(LTINeu);0(BoxluftNeu)
"Sun, 07 Feb 16 02:13:01 +0100";12.875;12.687;9.625;13.187;0(Licht1);0(Licht2);1(LTIIst);0(UmluftIst);0(BoxluftIst);1(LTINeu);0(BoxluftNeu)
"Sun, 07 Feb 16 02:14:01 +0100";12.875;12.687;9.625;13.187;0(Licht1);0(Licht2);1(LTIIst);0(UmluftIst);0(BoxluftIst);1(LTINeu);0(BoxluftNeu)
"Sun, 07 Feb 16 02:15:01 +0100";12.812;12.687;9.562;13.125;0(Licht1);0(Licht2);1(LTIIst);0(UmluftIst);0(BoxluftIst);1(LTINeu);0(BoxluftNeu)
"Sun, 07 Feb 16 02:16:01 +0100";12.812;12.625;9.562;13.125;0(Licht1);0(Licht2);1(LTIIst);0(UmluftIst);0(BoxluftIst);1(LTINeu);0(BoxluftNeu)
"Sun, 07 Feb 16 02:17:02 +0100";12.75;12.625;9.562;13.125;0(Licht1);0(Licht2);1(LTIIst);0(UmluftIst);0(BoxluftIst);1(LTINeu);0(BoxluftNeu)
"Sun, 07 Feb 16 02:18:02 +0100";12.75;12.562;9.562;13.062;0(Licht1);0(Licht2);1(LTIIst);0(UmluftIst);0(BoxluftIst);1(LTINeu);0(BoxluftNeu)
"Sun, 07 Feb 16 02:19:01 +0100";12.75;12.562;9.562;13.062;0(Licht1);0(Licht2);1(LTIIst);0(UmluftIst);0(BoxluftIst);1(LTINeu);0(BoxluftNeu)
"Sun, 07 Feb 16 02:20:01 +0100";12.75;12.625;9.562;13.062;0(Licht1);0(Licht2);1(LTIIst);0(UmluftIst);0(BoxluftIst);1(LTINeu);0(BoxluftNeu);"0(Umluft fuer 10)"
"Sun, 07 Feb 16 02:21:01 +0100";12.75;12.625;9.562;13.125;0(Licht1);0(Licht2);1(LTIIst);1(UmluftIst);0(BoxluftIst);1(LTINeu);0(BoxluftNeu)
"Sun, 07 Feb 16 02:22:02 +0100";12.75;12.625;9.5;13.125;0(Licht1);0(Licht2);1(LTIIst);1(UmluftIst);0(BoxluftIst);1(LTINeu);0(BoxluftNeu)
"Sun, 07 Feb 16 02:23:01 +0100";12.812;12.625;9.5;13.187;0(Licht1);0(Licht2);1(LTIIst);1(UmluftIst);0(BoxluftIst);1(LTINeu);0(BoxluftNeu)
"Sun, 07 Feb 16 02:24:01 +0100";12.75;12.625;9.5;13.125;0(Licht1);0(Licht2);1(LTIIst);1(UmluftIst);0(BoxluftIst);1(LTINeu);0(BoxluftNeu)
"Sun, 07 Feb 16 02:25:01 +0100";12.75;12.625;9.5;13.187;0(Licht1);0(Licht2);1(LTIIst);1(UmluftIst);0(BoxluftIst);1(LTINeu);0(BoxluftNeu)
"Sun, 07 Feb 16 02:26:01 +0100";12.75;12.687;9.5;13.187;0(Licht1);0(Licht2);1(LTIIst);1(UmluftIst);0(BoxluftIst);1(LTINeu);0(BoxluftNeu)
"Sun, 07 Feb 16 02:27:01 +0100";12.75;12.625;9.5;13.125;0(Licht1);0(Licht2);1(LTIIst);1(UmluftIst);0(BoxluftIst);1(LTINeu);0(BoxluftNeu)
"Sun, 07 Feb 16 02:28:01 +0100";12.75;12.625;9.437;13.125;0(Licht1);0(Licht2);1(LTIIst);1(UmluftIst);0(BoxluftIst);1(LTINeu);0(BoxluftNeu)
"Sun, 07 Feb 16 02:29:01 +0100";12.75;12.625;9.5;13.125;0(Licht1);0(Licht2);1(LTIIst);1(UmluftIst);0(BoxluftIst);1(LTINeu);0(BoxluftNeu)
"Sun, 07 Feb 16 02:30:01 +0100";12.75;12.687;9.5;13.187;0(Licht1);0(Licht2);1(LTIIst);1(UmluftIst);0(BoxluftIst);1(LTINeu);0(BoxluftNeu)
"Sun, 07 Feb 16 02:31:02 +0100";12.812;12.687;9.5;13.187;0(Licht1);0(Licht2);1(LTIIst);0(UmluftIst);0(BoxluftIst);1(LTINeu);0(BoxluftNeu)
"Sun, 07 Feb 16 02:32:01 +0100";12.812;12.625;9.5;13.187;0(Licht1);0(Licht2);1(LTIIst);0(UmluftIst);0(BoxluftIst);1(LTINeu);0(BoxluftNeu)
"Sun, 07 Feb 16 02:33:01 +0100";12.812;12.625;9.437;13.125;0(Licht1);0(Licht2);1(LTIIst);0(UmluftIst);0(BoxluftIst);1(LTINeu);0(BoxluftNeu)
"Sun, 07 Feb 16 02:34:01 +0100";12.687;12.562;9.437;13.062;0(Licht1);0(Licht2);1(LTIIst);0(UmluftIst);0(BoxluftIst);1(LTINeu);0(BoxluftNeu)
"Sun, 07 Feb 16 02:35:01 +0100";12.75;12.562;9.437;13.062;0(Licht1);0(Licht2);1(LTIIst);0(UmluftIst);0(BoxluftIst);1(LTINeu);0(BoxluftNeu)
"Sun, 07 Feb 16 02:36:01 +0100";12.812;12.562;9.437;13.062;0(Licht1);0(Licht2);1(LTIIst);0(UmluftIst);0(BoxluftIst);1(LTINeu);0(BoxluftNeu)
"Sun, 07 Feb 16 02:37:01 +0100";12.812;12.562;9.437;13.062;0(Licht1);0(Licht2);1(LTIIst);0(UmluftIst);0(BoxluftIst);1(LTINeu);0(BoxluftNeu)
"Sun, 07 Feb 16 02:38:01 +0100";12.75;12.562;9.437;13;0(Licht1);0(Licht2);1(LTIIst);0(UmluftIst);0(BoxluftIst);1(LTINeu);0(BoxluftNeu)
"Sun, 07 Feb 16 02:39:01 +0100";12.75;12.562;9.437;13;0(Licht1);0(Licht2);1(LTIIst);0(UmluftIst);0(BoxluftIst);1(LTINeu);0(BoxluftNeu)
"Sun, 07 Feb 16 02:40:01 +0100";12.75;12.562;9.437;13.062;0(Licht1);0(Licht2);1(LTIIst);0(UmluftIst);0(BoxluftIst);1(LTINeu);0(BoxluftNeu);"0(Umluft fuer 10)"
"Sun, 07 Feb 16 02:41:01 +0100";12.812;12.562;9.437;13.062;0(Licht1);0(Licht2);1(LTIIst);1(UmluftIst);0(BoxluftIst);1(LTINeu);0(BoxluftNeu)
"Sun, 07 Feb 16 02:42:01 +0100";12.812;12.562;9.437;13;0(Licht1);0(Licht2);1(LTIIst);1(UmluftIst);0(BoxluftIst);1(LTINeu);0(BoxluftNeu)
"Sun, 07 Feb 16 02:43:02 +0100";12.812;12.5;9.437;13;0(Licht1);0(Licht2);1(LTIIst);1(UmluftIst);0(BoxluftIst);1(LTINeu);0(BoxluftNeu)
"Sun, 07 Feb 16 02:44:01 +0100";12.75;12.562;9.437;13;0(Licht1);0(Licht2);1(LTIIst);1(UmluftIst);0(BoxluftIst);1(LTINeu);0(BoxluftNeu)
"Sun, 07 Feb 16 02:45:01 +0100";12.687;12.5;9.375;13;0(Licht1);0(Licht2);1(LTIIst);1(UmluftIst);0(BoxluftIst);1(LTINeu);0(BoxluftNeu)
"Sun, 07 Feb 16 02:46:01 +0100";12.75;12.562;9.375;13.062;0(Licht1);0(Licht2);1(LTIIst);1(UmluftIst);0(BoxluftIst);1(LTINeu);0(BoxluftNeu)
"Sun, 07 Feb 16 02:47:02 +0100";12.75;12.562;9.375;13;0(Licht1);0(Licht2);1(LTIIst);1(UmluftIst);0(BoxluftIst);1(LTINeu);0(BoxluftNeu)
"Sun, 07 Feb 16 02:48:01 +0100";12.75;12.5;9.375;13;0(Licht1);0(Licht2);1(LTIIst);1(UmluftIst);0(BoxluftIst);1(LTINeu);0(BoxluftNeu)
"Sun, 07 Feb 16 02:49:01 +0100";12.812;12.5;9.375;12.937;0(Licht1);0(Licht2);1(LTIIst);1(UmluftIst);0(BoxluftIst);1(LTINeu);0(BoxluftNeu)
"Sun, 07 Feb 16 02:50:01 +0100";12.875;12.5;9.375;12.937;0(Licht1);0(Licht2);1(LTIIst);1(UmluftIst);0(BoxluftIst);1(LTINeu);0(BoxluftNeu)
"Sun, 07 Feb 16 02:51:01 +0100";12.875;12.5;9.375;12.937;0(Licht1);0(Licht2);1(LTIIst);0(UmluftIst);0(BoxluftIst);1(LTINeu);0(BoxluftNeu)
"Sun, 07 Feb 16 02:52:02 +0100";12.75;12.5;9.375;12.937;0(Licht1);0(Licht2);1(LTIIst);0(UmluftIst);0(BoxluftIst);1(LTINeu);0(BoxluftNeu)
"Sun, 07 Feb 16 02:53:01 +0100";12.75;12.5;9.375;13;0(Licht1);0(Licht2);1(LTIIst);0(UmluftIst);0(BoxluftIst);1(LTINeu);0(BoxluftNeu)
"Sun, 07 Feb 16 02:54:01 +0100";12.812;12.5;9.375;12.937;0(Licht1);0(Licht2);1(LTIIst);0(UmluftIst);0(BoxluftIst);1(LTINeu);0(BoxluftNeu)
"Sun, 07 Feb 16 02:55:01 +0100";12.75;12.5;9.375;13;0(Licht1);0(Licht2);1(LTIIst);0(UmluftIst);0(BoxluftIst);1(LTINeu);0(BoxluftNeu)
"Sun, 07 Feb 16 02:56:02 +0100";12.812;12.5;9.312;13;0(Licht1);0(Licht2);1(LTIIst);0(UmluftIst);0(BoxluftIst);1(LTINeu);0(BoxluftNeu)
"Sun, 07 Feb 16 02:57:01 +0100";12.75;12.437;9.312;13;0(Licht1);0(Licht2);1(LTIIst);0(UmluftIst);0(BoxluftIst);1(LTINeu);0(BoxluftNeu)
"Sun, 07 Feb 16 02:58:01 +0100";12.812;12.437;9.312;13;0(Licht1);0(Licht2);1(LTIIst);0(UmluftIst);0(BoxluftIst);1(LTINeu);0(BoxluftNeu)
"Sun, 07 Feb 16 02:59:01 +0100";12.75;12.437;9.312;12.937;0(Licht1);0(Licht2);1(LTIIst);0(UmluftIst);0(BoxluftIst);1(LTINeu);0(BoxluftNeu)
"Sun, 07 Feb 16 03:00:02 +0100";12.75;12.437;9.312;12.937;0(Licht1);0(Licht2);1(LTIIst);0(UmluftIst);0(BoxluftIst);1(LTINeu);0(BoxluftNeu);"0(Umluft fuer 10)"
"Sun, 07 Feb 16 03:01:02 +0100";12.812;12.437;9.312;12.937;0(Licht1);0(Licht2);1(LTIIst);1(UmluftIst);0(BoxluftIst);1(LTINeu);0(BoxluftNeu)
"Sun, 07 Feb 16 03:02:01 +0100";12.75;12.437;9.312;12.937;0(Licht1);0(Licht2);1(LTIIst);1(UmluftIst);0(BoxluftIst);1(LTINeu);0(BoxluftNeu)
"Sun, 07 Feb 16 03:03:01 +0100";12.687;12.375;9.312;12.937;0(Licht1);0(Licht2);1(LTIIst);1(UmluftIst);0(BoxluftIst);1(LTINeu);0(BoxluftNeu)
"Sun, 07 Feb 16 03:04:01 +0100";12.687;12.375;9.25;12.875;0(Licht1);0(Licht2);1(LTIIst);1(UmluftIst);0(BoxluftIst);1(LTINeu);0(BoxluftNeu)
"Sun, 07 Feb 16 03:05:01 +0100";12.625;12.312;9.25;12.875;0(Licht1);0(Licht2);1(LTIIst);1(UmluftIst);0(BoxluftIst);1(LTINeu);0(BoxluftNeu)
"Sun, 07 Feb 16 03:06:02 +0100";12.5;12.312;9.25;12.812;0(Licht1);0(Licht2);1(LTIIst);1(UmluftIst);0(BoxluftIst);1(LTINeu);0(BoxluftNeu)
"Sun, 07 Feb 16 03:07:01 +0100";12.562;12.312;9.25;12.812;0(Licht1);0(Licht2);1(LTIIst);1(UmluftIst);0(BoxluftIst);1(LTINeu);0(BoxluftNeu)
"Sun, 07 Feb 16 03:08:01 +0100";12.562;12.312;9.25;12.812;0(Licht1);0(Licht2);1(LTIIst);1(UmluftIst);0(BoxluftIst);1(LTINeu);0(BoxluftNeu)
"Sun, 07 Feb 16 03:09:01 +0100";12.625;12.312;9.187;12.812;0(Licht1);0(Licht2);1(LTIIst);1(UmluftIst);0(BoxluftIst);1(LTINeu);0(BoxluftNeu)
"Sun, 07 Feb 16 03:10:02 +0100";12.687;12.312;9.25;12.812;0(Licht1);0(Licht2);1(LTIIst);1(UmluftIst);0(BoxluftIst);1(LTINeu);0(BoxluftNeu)
"Sun, 07 Feb 16 03:11:01 +0100";12.75;12.312;9.25;12.875;0(Licht1);0(Licht2);1(LTIIst);0(UmluftIst);0(BoxluftIst);1(LTINeu);0(BoxluftNeu)
"Sun, 07 Feb 16 03:12:01 +0100";12.75;12.375;9.25;12.875;0(Licht1);0(Licht2);1(LTIIst);0(UmluftIst);0(BoxluftIst);1(LTINeu);0(BoxluftNeu)
"Sun, 07 Feb 16 03:13:02 +0100";12.75;12.312;9.25;12.875;0(Licht1);0(Licht2);1(LTIIst);0(UmluftIst);0(BoxluftIst);1(LTINeu);0(BoxluftNeu)
"Sun, 07 Feb 16 03:14:01 +0100";12.75;12.375;9.25;12.875;0(Licht1);0(Licht2);1(LTIIst);0(UmluftIst);0(BoxluftIst);1(LTINeu);0(BoxluftNeu)
"Sun, 07 Feb 16 03:15:01 +0100";12.812;12.375;9.25;12.875;0(Licht1);0(Licht2);1(LTIIst);0(UmluftIst);0(BoxluftIst);1(LTINeu);0(BoxluftNeu)
"Sun, 07 Feb 16 03:16:01 +0100";12.75;12.375;9.25;12.875;0(Licht1);0(Licht2);1(LTIIst);0(UmluftIst);0(BoxluftIst);1(LTINeu);0(BoxluftNeu)
"Sun, 07 Feb 16 03:17:01 +0100";12.75;12.375;9.187;12.937;0(Licht1);0(Licht2);1(LTIIst);0(UmluftIst);0(BoxluftIst);1(LTINeu);0(BoxluftNeu)
"Sun, 07 Feb 16 03:18:02 +0100";12.75;12.375;9.187;12.875;0(Licht1);0(Licht2);1(LTIIst);0(UmluftIst);0(BoxluftIst);1(LTINeu);0(BoxluftNeu)
"Sun, 07 Feb 16 03:19:01 +0100";12.812;12.375;9.187;12.875;0(Licht1);0(Licht2);1(LTIIst);0(UmluftIst);0(BoxluftIst);1(LTINeu);0(BoxluftNeu)
"Sun, 07 Feb 16 03:20:01 +0100";12.812;12.375;9.187;12.875;0(Licht1);0(Licht2);1(LTIIst);0(UmluftIst);0(BoxluftIst);1(LTINeu);0(BoxluftNeu);"0(Umluft fuer 10)"
"Sun, 07 Feb 16 03:21:01 +0100";12.75;12.375;9.25;12.937;0(Licht1);0(Licht2);1(LTIIst);1(UmluftIst);0(BoxluftIst);1(LTINeu);0(BoxluftNeu)
"Sun, 07 Feb 16 03:22:01 +0100";12.812;12.375;9.25;12.937;0(Licht1);0(Licht2);1(LTIIst);1(UmluftIst);0(BoxluftIst);1(LTINeu);0(BoxluftNeu)
"Sun, 07 Feb 16 03:23:02 +0100";12.812;12.312;9.187;12.875;0(Licht1);0(Licht2);1(LTIIst);1(UmluftIst);0(BoxluftIst);1(LTINeu);0(BoxluftNeu)
"Sun, 07 Feb 16 03:24:01 +0100";12.75;12.312;9.187;12.812;0(Licht1);0(Licht2);1(LTIIst);1(UmluftIst);0(BoxluftIst);1(LTINeu);0(BoxluftNeu)
"Sun, 07 Feb 16 03:25:01 +0100";12.625;12.312;9.125;12.812;0(Licht1);0(Licht2);1(LTIIst);1(UmluftIst);0(BoxluftIst);1(LTINeu);0(BoxluftNeu)
"Sun, 07 Feb 16 03:26:01 +0100";12.687;12.312;9.125;12.812;0(Licht1);0(Licht2);1(LTIIst);1(UmluftIst);0(BoxluftIst);1(LTINeu);0(BoxluftNeu)
"Sun, 07 Feb 16 03:27:01 +0100";12.687;12.25;9.187;12.812;0(Licht1);0(Licht2);1(LTIIst);1(UmluftIst);0(BoxluftIst);1(LTINeu);0(BoxluftNeu)
"Sun, 07 Feb 16 03:28:01 +0100";12.625;12.312;9.125;12.812;0(Licht1);0(Licht2);1(LTIIst);1(UmluftIst);0(BoxluftIst);1(LTINeu);0(BoxluftNeu)
"Sun, 07 Feb 16 03:29:01 +0100";12.687;12.312;9.125;12.875;0(Licht1);0(Licht2);1(LTIIst);1(UmluftIst);0(BoxluftIst);1(LTINeu);0(BoxluftNeu)
"Sun, 07 Feb 16 03:30:01 +0100";12.687;12.312;9.125;12.875;0(Licht1);0(Licht2);1(LTIIst);1(UmluftIst);0(BoxluftIst);1(LTINeu);0(BoxluftNeu)
"Sun, 07 Feb 16 03:31:02 +0100";12.687;12.312;9.187;12.875;0(Licht1);0(Licht2);1(LTIIst);0(UmluftIst);0(BoxluftIst);1(LTINeu);0(BoxluftNeu)
"Sun, 07 Feb 16 03:32:01 +0100";12.687;12.312;9.187;12.812;0(Licht1);0(Licht2);1(LTIIst);0(UmluftIst);0(BoxluftIst);1(LTINeu);0(BoxluftNeu)
"Sun, 07 Feb 16 03:33:01 +0100";12.687;12.312;9.187;12.812;0(Licht1);0(Licht2);1(LTIIst);0(UmluftIst);0(BoxluftIst);1(LTINeu);0(BoxluftNeu)
"Sun, 07 Feb 16 03:34:01 +0100";12.625;12.312;9.125;12.812;0(Licht1);0(Licht2);1(LTIIst);0(UmluftIst);0(BoxluftIst);1(LTINeu);0(BoxluftNeu)
"Sun, 07 Feb 16 03:35:01 +0100";12.687;12.312;9.125;12.75;0(Licht1);0(Licht2);1(LTIIst);0(UmluftIst);0(BoxluftIst);1(LTINeu);0(BoxluftNeu)
"Sun, 07 Feb 16 03:36:01 +0100";12.625;12.25;9.125;12.75;0(Licht1);0(Licht2);1(LTIIst);0(UmluftIst);0(BoxluftIst);1(LTINeu);0(BoxluftNeu)
"Sun, 07 Feb 16 03:37:01 +0100";12.625;12.25;9.125;12.812;0(Licht1);0(Licht2);1(LTIIst);0(UmluftIst);0(BoxluftIst);1(LTINeu);0(BoxluftNeu)
"Sun, 07 Feb 16 03:38:01 +0100";12.625;12.25;9.125;12.812;0(Licht1);0(Licht2);1(LTIIst);0(UmluftIst);0(BoxluftIst);1(LTINeu);0(BoxluftNeu)
"Sun, 07 Feb 16 03:39:02 +0100";12.625;12.25;9.062;12.812;0(Licht1);0(Licht2);1(LTIIst);0(UmluftIst);0(BoxluftIst);1(LTINeu);0(BoxluftNeu)
"Sun, 07 Feb 16 03:40:01 +0100";12.562;12.25;9.062;12.812;0(Licht1);0(Licht2);1(LTIIst);0(UmluftIst);0(BoxluftIst);1(LTINeu);0(BoxluftNeu);"0(Umluft fuer 10)"
"Sun, 07 Feb 16 03:41:01 +0100";12.562;12.25;9.062;12.75;0(Licht1);0(Licht2);1(LTIIst);1(UmluftIst);0(BoxluftIst);1(LTINeu);0(BoxluftNeu)
"Sun, 07 Feb 16 03:42:01 +0100";12.562;12.25;9.062;12.812;0(Licht1);0(Licht2);1(LTIIst);1(UmluftIst);0(BoxluftIst);1(LTINeu);0(BoxluftNeu)
"Sun, 07 Feb 16 03:43:01 +0100";12.687;12.312;9.125;12.875;0(Licht1);0(Licht2);1(LTIIst);1(UmluftIst);0(BoxluftIst);1(LTINeu);0(BoxluftNeu)
"Sun, 07 Feb 16 03:44:01 +0100";12.687;12.25;9.125;12.812;0(Licht1);0(Licht2);1(LTIIst);1(UmluftIst);0(BoxluftIst);1(LTINeu);0(BoxluftNeu)
"Sun, 07 Feb 16 03:45:01 +0100";12.687;12.25;9.125;12.75;0(Licht1);0(Licht2);1(LTIIst);1(UmluftIst);0(BoxluftIst);1(LTINeu);0(BoxluftNeu)
"Sun, 07 Feb 16 03:46:01 +0100";12.687;12.25;9.125;12.75;0(Licht1);0(Licht2);1(LTIIst);1(UmluftIst);0(BoxluftIst);1(LTINeu);0(BoxluftNeu)
"Sun, 07 Feb 16 03:47:01 +0100";12.625;12.25;9.125;12.75;0(Licht1);0(Licht2);1(LTIIst);1(UmluftIst);0(BoxluftIst);1(LTINeu);0(BoxluftNeu)
"Sun, 07 Feb 16 03:48:02 +0100";12.562;12.187;9.062;12.75;0(Licht1);0(Licht2);1(LTIIst);1(UmluftIst);0(BoxluftIst);1(LTINeu);0(BoxluftNeu)
"Sun, 07 Feb 16 03:49:01 +0100";12.437;12.187;9.062;12.75;0(Licht1);0(Licht2);1(LTIIst);1(UmluftIst);0(BoxluftIst);1(LTINeu);0(BoxluftNeu)
"Sun, 07 Feb 16 03:50:01 +0100";12.5;12.187;9.062;12.687;0(Licht1);0(Licht2);1(LTIIst);0(UmluftIst);0(BoxluftIst);1(LTINeu);0(BoxluftNeu)
"Sun, 07 Feb 16 03:51:01 +0100";12.562;12.187;9.062;12.625;0(Licht1);0(Licht2);1(LTIIst);0(UmluftIst);0(BoxluftIst);1(LTINeu);0(BoxluftNeu)
"Sun, 07 Feb 16 03:52:01 +0100";12.562;12.125;9.062;12.625;0(Licht1);0(Licht2);1(LTIIst);0(UmluftIst);0(BoxluftIst);1(LTINeu);0(BoxluftNeu)
"Sun, 07 Feb 16 03:53:01 +0100";12.5;12.125;9.062;12.625;0(Licht1);0(Licht2);1(LTIIst);0(UmluftIst);0(BoxluftIst);1(LTINeu);0(BoxluftNeu)
"Sun, 07 Feb 16 03:54:01 +0100";12.5;12.187;9.062;12.687;0(Licht1);0(Licht2);1(LTIIst);0(UmluftIst);0(BoxluftIst);1(LTINeu);0(BoxluftNeu)
"Sun, 07 Feb 16 03:55:01 +0100";12.5;12.187;9.062;12.687;0(Licht1);0(Licht2);1(LTIIst);0(UmluftIst);0(BoxluftIst);1(LTINeu);0(BoxluftNeu)
"Sun, 07 Feb 16 03:56:01 +0100";12.437;12.187;9;12.687;0(Licht1);0(Licht2);1(LTIIst);0(UmluftIst);0(BoxluftIst);1(LTINeu);0(BoxluftNeu)
"Sun, 07 Feb 16 03:57:02 +0100";12.562;12.187;9.062;12.687;0(Licht1);0(Licht2);1(LTIIst);0(UmluftIst);0(BoxluftIst);1(LTINeu);0(BoxluftNeu)
"Sun, 07 Feb 16 03:58:01 +0100";12.5;12.187;9.062;12.687;0(Licht1);0(Licht2);1(LTIIst);0(UmluftIst);0(BoxluftIst);1(LTINeu);0(BoxluftNeu)
"Sun, 07 Feb 16 03:59:01 +0100";12.5;12.187;9.062;12.687;0(Licht1);0(Licht2);1(LTIIst);0(UmluftIst);0(BoxluftIst);1(LTINeu);0(BoxluftNeu)
"Sun, 07 Feb 16 04:00:01 +0100";12.562;12.187;9.062;12.75;0(Licht1);0(Licht2);1(LTIIst);0(UmluftIst);0(BoxluftIst);1(LTINeu);0(BoxluftNeu);"0(Umluft fuer 10)"
"Sun, 07 Feb 16 04:01:01 +0100";12.5;12.187;9.062;12.75;0(Licht1);0(Licht2);1(LTIIst);1(UmluftIst);0(BoxluftIst);1(LTINeu);0(BoxluftNeu)
"Sun, 07 Feb 16 04:02:01 +0100";12.437;12.187;9;12.75;0(Licht1);0(Licht2);1(LTIIst);1(UmluftIst);0(BoxluftIst);1(LTINeu);0(BoxluftNeu)
"Sun, 07 Feb 16 04:03:02 +0100";12.5;12.187;9;12.75;0(Licht1);0(Licht2);1(LTIIst);1(UmluftIst);0(BoxluftIst);1(LTINeu);0(BoxluftNeu)
"Sun, 07 Feb 16 04:04:01 +0100";12.437;12.187;9;12.75;0(Licht1);0(Licht2);1(LTIIst);1(UmluftIst);0(BoxluftIst);1(LTINeu);0(BoxluftNeu)
"Sun, 07 Feb 16 04:05:01 +0100";12.437;12.187;9;12.75;0(Licht1);0(Licht2);1(LTIIst);1(UmluftIst);0(BoxluftIst);1(LTINeu);0(BoxluftNeu)
"Sun, 07 Feb 16 04:06:01 +0100";12.5;12.187;9;12.75;0(Licht1);0(Licht2);1(LTIIst);1(UmluftIst);0(BoxluftIst);1(LTINeu);0(BoxluftNeu)
"Sun, 07 Feb 16 04:07:01 +0100";12.5;12.25;9.062;12.75;0(Licht1);0(Licht2);1(LTIIst);1(UmluftIst);0(BoxluftIst);1(LTINeu);0(BoxluftNeu)
"Sun, 07 Feb 16 04:08:01 +0100";12.562;12.187;9;12.75;0(Licht1);0(Licht2);1(LTIIst);1(UmluftIst);0(BoxluftIst);1(LTINeu);0(BoxluftNeu)
"Sun, 07 Feb 16 04:09:02 +0100";12.562;12.187;9;12.75;0(Licht1);0(Licht2);1(LTIIst);1(UmluftIst);0(BoxluftIst);1(LTINeu);0(BoxluftNeu)
"Sun, 07 Feb 16 04:10:01 +0100";12.562;12.187;9;12.75;0(Licht1);0(Licht2);1(LTIIst);1(UmluftIst);0(BoxluftIst);1(LTINeu);0(BoxluftNeu)
"Sun, 07 Feb 16 04:11:01 +0100";12.562;12.25;9;12.75;0(Licht1);0(Licht2);1(LTIIst);0(UmluftIst);0(BoxluftIst);1(LTINeu);0(BoxluftNeu)
"Sun, 07 Feb 16 04:12:01 +0100";12.562;12.187;9;12.75;0(Licht1);0(Licht2);1(LTIIst);0(UmluftIst);0(BoxluftIst);1(LTINeu);0(BoxluftNeu)
"Sun, 07 Feb 16 04:13:02 +0100";12.625;12.187;9;12.687;0(Licht1);0(Licht2);1(LTIIst);0(UmluftIst);0(BoxluftIst);1(LTINeu);0(BoxluftNeu)
"Sun, 07 Feb 16 04:14:01 +0100";12.625;12.187;9;12.75;0(Licht1);0(Licht2);1(LTIIst);0(UmluftIst);0(BoxluftIst);1(LTINeu);0(BoxluftNeu)
"Sun, 07 Feb 16 04:15:01 +0100";12.625;12.187;9;12.687;0(Licht1);0(Licht2);1(LTIIst);0(UmluftIst);0(BoxluftIst);1(LTINeu);0(BoxluftNeu)
"Sun, 07 Feb 16 04:16:01 +0100";12.625;12.187;9;12.687;0(Licht1);0(Licht2);1(LTIIst);0(UmluftIst);0(BoxluftIst);1(LTINeu);0(BoxluftNeu)
"Sun, 07 Feb 16 04:17:01 +0100";12.5;12.187;9;12.75;0(Licht1);0(Licht2);1(LTIIst);0(UmluftIst);0(BoxluftIst);1(LTINeu);0(BoxluftNeu)
"Sun, 07 Feb 16 04:18:02 +0100";12.5;12.187;9;12.75;0(Licht1);0(Licht2);1(LTIIst);0(UmluftIst);0(BoxluftIst);1(LTINeu);0(BoxluftNeu)
"Sun, 07 Feb 16 04:19:01 +0100";12.5;12.187;8.937;12.75;0(Licht1);0(Licht2);1(LTIIst);0(UmluftIst);0(BoxluftIst);1(LTINeu);0(BoxluftNeu)
"Sun, 07 Feb 16 04:20:01 +0100";12.5;12.187;8.937;12.75;0(Licht1);0(Licht2);1(LTIIst);0(UmluftIst);0(BoxluftIst);1(LTINeu);0(BoxluftNeu);"0(Umluft fuer 10)"
"Sun, 07 Feb 16 04:21:01 +0100";12.5;12.125;8.937;12.687;0(Licht1);0(Licht2);1(LTIIst);1(UmluftIst);0(BoxluftIst);1(LTINeu);0(BoxluftNeu)
"Sun, 07 Feb 16 04:22:01 +0100";12.5;12.125;8.937;12.687;0(Licht1);0(Licht2);1(LTIIst);1(UmluftIst);0(BoxluftIst);1(LTINeu);0(BoxluftNeu)
"Sun, 07 Feb 16 04:23:02 +0100";12.5;12.125;8.937;12.625;0(Licht1);0(Licht2);1(LTIIst);1(UmluftIst);0(BoxluftIst);1(LTINeu);0(BoxluftNeu)
"Sun, 07 Feb 16 04:24:01 +0100";12.5;12.062;8.937;12.625;0(Licht1);0(Licht2);1(LTIIst);1(UmluftIst);0(BoxluftIst);1(LTINeu);0(BoxluftNeu)
"Sun, 07 Feb 16 04:25:01 +0100";12.375;12.062;9;12.625;0(Licht1);0(Licht2);1(LTIIst);1(UmluftIst);0(BoxluftIst);1(LTINeu);0(BoxluftNeu)
"Sun, 07 Feb 16 04:26:01 +0100";12.312;12.062;9;12.562;0(Licht1);0(Licht2);1(LTIIst);1(UmluftIst);0(BoxluftIst);1(LTINeu);0(BoxluftNeu)
"Sun, 07 Feb 16 04:27:02 +0100";12.312;12.062;9;12.562;0(Licht1);0(Licht2);1(LTIIst);1(UmluftIst);0(BoxluftIst);1(LTINeu);0(BoxluftNeu)
"Sun, 07 Feb 16 04:28:01 +0100";12.312;12.062;8.937;12.562;0(Licht1);0(Licht2);1(LTIIst);1(UmluftIst);0(BoxluftIst);1(LTINeu);0(BoxluftNeu)
"Sun, 07 Feb 16 04:29:01 +0100";12.375;12.062;8.937;12.562;0(Licht1);0(Licht2);1(LTIIst);1(UmluftIst);0(BoxluftIst);1(LTINeu);0(BoxluftNeu)
"Sun, 07 Feb 16 04:30:01 +0100";12.312;12.062;8.937;12.625;0(Licht1);0(Licht2);1(LTIIst);1(UmluftIst);0(BoxluftIst);1(LTINeu);0(BoxluftNeu)
"Sun, 07 Feb 16 04:31:02 +0100";12.375;12.062;8.875;12.562;0(Licht1);0(Licht2);1(LTIIst);0(UmluftIst);0(BoxluftIst);1(LTINeu);0(BoxluftNeu)
"Sun, 07 Feb 16 04:32:01 +0100";12.437;12.062;8.937;12.562;0(Licht1);0(Licht2);1(LTIIst);0(UmluftIst);0(BoxluftIst);1(LTINeu);0(BoxluftNeu)
"Sun, 07 Feb 16 04:33:01 +0100";12.5;12.062;8.937;12.562;0(Licht1);0(Licht2);1(LTIIst);0(UmluftIst);0(BoxluftIst);1(LTINeu);0(BoxluftNeu)
"Sun, 07 Feb 16 04:34:01 +0100";12.562;12;9;12.562;0(Licht1);0(Licht2);1(LTIIst);0(UmluftIst);0(BoxluftIst);1(LTINeu);0(BoxluftNeu)
"Sun, 07 Feb 16 04:35:02 +0100";12.5;12;8.937;12.562;0(Licht1);0(Licht2);1(LTIIst);0(UmluftIst);0(BoxluftIst);1(LTINeu);0(BoxluftNeu)
"Sun, 07 Feb 16 04:36:01 +0100";12.437;12;8.937;12.562;0(Licht1);0(Licht2);1(LTIIst);0(UmluftIst);0(BoxluftIst);1(LTINeu);0(BoxluftNeu)
"Sun, 07 Feb 16 04:37:01 +0100";12.5;12.062;8.937;12.562;0(Licht1);0(Licht2);1(LTIIst);0(UmluftIst);0(BoxluftIst);1(LTINeu);0(BoxluftNeu)
"Sun, 07 Feb 16 04:38:01 +0100";12.562;12.062;8.937;12.562;0(Licht1);0(Licht2);1(LTIIst);0(UmluftIst);0(BoxluftIst);1(LTINeu);0(BoxluftNeu)
"Sun, 07 Feb 16 04:39:02 +0100";12.562;12.062;8.937;12.562;0(Licht1);0(Licht2);1(LTIIst);0(UmluftIst);0(BoxluftIst);1(LTINeu);0(BoxluftNeu)
"Sun, 07 Feb 16 04:40:01 +0100";12.437;12.062;8.937;12.562;0(Licht1);0(Licht2);1(LTIIst);0(UmluftIst);0(BoxluftIst);1(LTINeu);0(BoxluftNeu);"0(Umluft fuer 10)"
"Sun, 07 Feb 16 04:41:01 +0100";12.5;12.062;8.875;12.562;0(Licht1);0(Licht2);1(LTIIst);1(UmluftIst);0(BoxluftIst);1(LTINeu);0(BoxluftNeu)
"Sun, 07 Feb 16 04:42:01 +0100";12.5;12.062;8.875;12.562;0(Licht1);0(Licht2);1(LTIIst);1(UmluftIst);0(BoxluftIst);1(LTINeu);0(BoxluftNeu)
"Sun, 07 Feb 16 04:43:01 +0100";12.5;12.062;8.875;12.625;0(Licht1);0(Licht2);1(LTIIst);1(UmluftIst);0(BoxluftIst);1(LTINeu);0(BoxluftNeu)
"Sun, 07 Feb 16 04:44:01 +0100";12.437;12.062;8.875;12.625;0(Licht1);0(Licht2);1(LTIIst);1(UmluftIst);0(BoxluftIst);1(LTINeu);0(BoxluftNeu)
"Sun, 07 Feb 16 04:45:02 +0100";12.437;12.187;8.937;12.687;1(Licht1);1(Licht2);1(LTIIst);1(UmluftIst);0(BoxluftIst);1(LTINeu);0(BoxluftNeu)
"Sun, 07 Feb 16 04:46:01 +0100";12.687;12.375;9.062;12.812;1(Licht1);1(Licht2);1(LTIIst);1(UmluftIst);0(BoxluftIst);1(LTINeu);0(BoxluftNeu)
"Sun, 07 Feb 16 04:47:01 +0100";12.937;12.5;9.187;12.937;1(Licht1);1(Licht2);1(LTIIst);1(UmluftIst);0(BoxluftIst);1(LTINeu);0(BoxluftNeu)
"Sun, 07 Feb 16 04:48:01 +0100";13.125;12.625;9.187;13;1(Licht1);1(Licht2);1(LTIIst);1(UmluftIst);0(BoxluftIst);1(LTINeu);0(BoxluftNeu)
"Sun, 07 Feb 16 04:49:01 +0100";13.25;12.75;9.437;13.125;1(Licht1);1(Licht2);1(LTIIst);1(UmluftIst);0(BoxluftIst);1(LTINeu);0(BoxluftNeu)
"Sun, 07 Feb 16 04:50:01 +0100";13.375;12.812;9.5;13.187;1(Licht1);1(Licht2);1(LTIIst);1(UmluftIst);0(BoxluftIst);1(LTINeu);0(BoxluftNeu)
"Sun, 07 Feb 16 04:51:01 +0100";13.375;12.937;9.562;13.312;1(Licht1);1(Licht2);1(LTIIst);0(UmluftIst);0(BoxluftIst);1(LTINeu);0(BoxluftNeu)
"Sun, 07 Feb 16 04:52:01 +0100";13.5;13;9.625;13.375;1(Licht1);1(Licht2);1(LTIIst);0(UmluftIst);0(BoxluftIst);1(LTINeu);0(BoxluftNeu)
"Sun, 07 Feb 16 04:53:01 +0100";13.5;13.062;9.687;13.437;1(Licht1);1(Licht2);1(LTIIst);0(UmluftIst);0(BoxluftIst);1(LTINeu);0(BoxluftNeu)
"Sun, 07 Feb 16 04:54:02 +0100";13.625;13.125;9.687;13.5;1(Licht1);1(Licht2);1(LTIIst);0(UmluftIst);0(BoxluftIst);1(LTINeu);0(BoxluftNeu)
"Sun, 07 Feb 16 04:55:01 +0100";13.625;13.187;9.687;13.562;1(Licht1);1(Licht2);1(LTIIst);0(UmluftIst);0(BoxluftIst);1(LTINeu);0(BoxluftNeu)
"Sun, 07 Feb 16 04:56:01 +0100";13.75;13.25;9.812;13.625;1(Licht1);1(Licht2);1(LTIIst);0(UmluftIst);0(BoxluftIst);1(LTINeu);0(BoxluftNeu)
"Sun, 07 Feb 16 04:57:01 +0100";13.875;13.25;9.812;13.625;1(Licht1);1(Licht2);1(LTIIst);0(UmluftIst);0(BoxluftIst);1(LTINeu);0(BoxluftNeu)
"Sun, 07 Feb 16 04:58:01 +0100";13.937;13.312;9.875;13.625;1(Licht1);1(Licht2);1(LTIIst);0(UmluftIst);0(BoxluftIst);1(LTINeu);0(BoxluftNeu)
"Sun, 07 Feb 16 04:59:01 +0100";14;13.375;9.875;13.687;1(Licht1);1(Licht2);1(LTIIst);0(UmluftIst);0(BoxluftIst);1(LTINeu);0(BoxluftNeu)
"Sun, 07 Feb 16 05:00:01 +0100";14;13.437;9.875;13.75;1(Licht1);1(Licht2);1(LTIIst);0(UmluftIst);0(BoxluftIst);1(LTINeu);0(BoxluftNeu);"0(Umluft fuer 10)"
"Sun, 07 Feb 16 05:01:01 +0100";14;13.437;9.937;13.75;1(Licht1);1(Licht2);1(LTIIst);1(UmluftIst);0(BoxluftIst);1(LTINeu);0(BoxluftNeu)
"Sun, 07 Feb 16 05:02:01 +0100";14.062;13.5;9.937;13.75;1(Licht1);1(Licht2);1(LTIIst);1(UmluftIst);0(BoxluftIst);1(LTINeu);0(BoxluftNeu)
"Sun, 07 Feb 16 05:03:01 +0100";14.062;13.5;9.937;13.812;1(Licht1);1(Licht2);1(LTIIst);1(UmluftIst);0(BoxluftIst);1(LTINeu);0(BoxluftNeu)
"Sun, 07 Feb 16 05:04:02 +0100";14.25;13.562;10.062;13.812;1(Licht1);1(Licht2);1(LTIIst);1(UmluftIst);0(BoxluftIst);1(LTINeu);0(BoxluftNeu)
"Sun, 07 Feb 16 05:05:01 +0100";14.187;13.625;10.062;13.875;1(Licht1);1(Licht2);1(LTIIst);1(UmluftIst);0(BoxluftIst);1(LTINeu);0(BoxluftNeu)
"Sun, 07 Feb 16 05:06:01 +0100";14.312;13.625;10.062;13.937;1(Licht1);1(Licht2);1(LTIIst);1(UmluftIst);0(BoxluftIst);1(LTINeu);0(BoxluftNeu)
"Sun, 07 Feb 16 05:07:01 +0100";14.312;13.625;10.125;13.937;1(Licht1);1(Licht2);1(LTIIst);1(UmluftIst);0(BoxluftIst);1(LTINeu);0(BoxluftNeu)
"Sun, 07 Feb 16 05:08:02 +0100";14.437;13.625;10.125;13.937;1(Licht1);1(Licht2);1(LTIIst);1(UmluftIst);0(BoxluftIst);1(LTINeu);0(BoxluftNeu)
"Sun, 07 Feb 16 05:09:01 +0100";14.437;13.687;10.187;14;1(Licht1);1(Licht2);1(LTIIst);1(UmluftIst);0(BoxluftIst);1(LTINeu);0(BoxluftNeu)
"Sun, 07 Feb 16 05:10:01 +0100";14.5;13.687;10.187;14.062;1(Licht1);1(Licht2);1(LTIIst);1(UmluftIst);0(BoxluftIst);1(LTINeu);0(BoxluftNeu)
"Sun, 07 Feb 16 05:11:01 +0100";14.562;13.75;10.187;14.062;1(Licht1);1(Licht2);1(LTIIst);0(UmluftIst);0(BoxluftIst);1(LTINeu);0(BoxluftNeu)
"Sun, 07 Feb 16 05:12:02 +0100";14.437;13.75;10.187;14.062;1(Licht1);1(Licht2);1(LTIIst);0(UmluftIst);0(BoxluftIst);1(LTINeu);0(BoxluftNeu)
"Sun, 07 Feb 16 05:13:01 +0100";14.437;13.75;10.187;14.062;1(Licht1);1(Licht2);1(LTIIst);0(UmluftIst);0(BoxluftIst);1(LTINeu);0(BoxluftNeu)
"Sun, 07 Feb 16 05:14:01 +0100";14.562;13.75;10.187;14;1(Licht1);1(Licht2);1(LTIIst);0(UmluftIst);0(BoxluftIst);1(LTINeu);0(BoxluftNeu)
"Sun, 07 Feb 16 05:15:01 +0100";14.625;13.812;10.25;14.062;1(Licht1);1(Licht2);1(LTIIst);0(UmluftIst);0(BoxluftIst);1(LTINeu);0(BoxluftNeu)
"Sun, 07 Feb 16 05:16:02 +0100";14.687;13.875;10.25;14.125;1(Licht1);1(Licht2);1(LTIIst);0(UmluftIst);0(BoxluftIst);1(LTINeu);0(BoxluftNeu)
"Sun, 07 Feb 16 05:17:01 +0100";14.75;13.875;10.25;14.125;1(Licht1);1(Licht2);1(LTIIst);0(UmluftIst);0(BoxluftIst);1(LTINeu);0(BoxluftNeu)
"Sun, 07 Feb 16 05:18:01 +0100";14.75;13.875;10.312;14.125;1(Licht1);1(Licht2);1(LTIIst);0(UmluftIst);0(BoxluftIst);1(LTINeu);0(BoxluftNeu)
"Sun, 07 Feb 16 05:19:01 +0100";14.75;13.937;10.312;14.187;1(Licht1);1(Licht2);1(LTIIst);0(UmluftIst);0(BoxluftIst);1(LTINeu);0(BoxluftNeu)
"Sun, 07 Feb 16 05:20:02 +0100";14.75;13.937;10.312;14.187;1(Licht1);1(Licht2);1(LTIIst);0(UmluftIst);0(BoxluftIst);1(LTINeu);0(BoxluftNeu);"0(Umluft fuer 10)"
"Sun, 07 Feb 16 05:21:02 +0100";14.75;13.937;10.312;14.187;1(Licht1);1(Licht2);1(LTIIst);1(UmluftIst);0(BoxluftIst);1(LTINeu);0(BoxluftNeu)
"Sun, 07 Feb 16 05:22:01 +0100";14.812;13.937;10.375;14.187;1(Licht1);1(Licht2);1(LTIIst);1(UmluftIst);0(BoxluftIst);1(LTINeu);0(BoxluftNeu)
"Sun, 07 Feb 16 05:23:01 +0100";14.937;14;10.375;14.25;1(Licht1);1(Licht2);1(LTIIst);1(UmluftIst);0(BoxluftIst);1(LTINeu);0(BoxluftNeu)
"Sun, 07 Feb 16 05:24:01 +0100";14.937;14;10.375;14.25;1(Licht1);1(Licht2);1(LTIIst);1(UmluftIst);0(BoxluftIst);1(LTINeu);0(BoxluftNeu)
"Sun, 07 Feb 16 05:25:01 +0100";15;14;10.375;14.312;1(Licht1);1(Licht2);1(LTIIst);1(UmluftIst);0(BoxluftIst);1(LTINeu);0(BoxluftNeu)
"Sun, 07 Feb 16 05:26:02 +0100";15.062;14;10.437;14.312;1(Licht1);1(Licht2);1(LTIIst);1(UmluftIst);0(BoxluftIst);1(LTINeu);0(BoxluftNeu)
"Sun, 07 Feb 16 05:27:01 +0100";15.125;14.062;10.437;14.312;1(Licht1);1(Licht2);1(LTIIst);1(UmluftIst);0(BoxluftIst);1(LTINeu);0(BoxluftNeu)
"Sun, 07 Feb 16 05:28:01 +0100";15.062;14.062;10.437;14.312;1(Licht1);1(Licht2);1(LTIIst);1(UmluftIst);0(BoxluftIst);1(LTINeu);0(BoxluftNeu)
"Sun, 07 Feb 16 05:29:01 +0100";15.062;14.062;10.437;14.25;1(Licht1);1(Licht2);1(LTIIst);1(UmluftIst);0(BoxluftIst);1(LTINeu);0(BoxluftNeu)
"Sun, 07 Feb 16 05:30:01 +0100";15.062;14.062;10.437;14.25;1(Licht1);1(Licht2);1(LTIIst);1(UmluftIst);0(BoxluftIst);1(LTINeu);0(BoxluftNeu)
"Sun, 07 Feb 16 05:31:01 +0100";15.062;14.062;10.437;14.25;1(Licht1);1(Licht2);1(LTIIst);0(UmluftIst);0(BoxluftIst);1(LTINeu);0(BoxluftNeu)
"Sun, 07 Feb 16 05:32:01 +0100";15;14.125;10.437;14.312;1(Licht1);1(Licht2);1(LTIIst);0(UmluftIst);0(BoxluftIst);1(LTINeu);0(BoxluftNeu)
"Sun, 07 Feb 16 05:33:02 +0100";14.937;14.125;10.437;14.312;1(Licht1);1(Licht2);1(LTIIst);0(UmluftIst);0(BoxluftIst);1(LTINeu);0(BoxluftNeu)
"Sun, 07 Feb 16 05:34:01 +0100";14.937;14.062;10.437;14.312;1(Licht1);1(Licht2);1(LTIIst);0(UmluftIst);0(BoxluftIst);1(LTINeu);0(BoxluftNeu)
"Sun, 07 Feb 16 05:35:01 +0100";15;14.125;10.5;14.312;1(Licht1);1(Licht2);1(LTIIst);0(UmluftIst);0(BoxluftIst);1(LTINeu);0(BoxluftNeu)
"Sun, 07 Feb 16 05:36:01 +0100";15.062;14.125;10.5;14.375;1(Licht1);1(Licht2);1(LTIIst);0(UmluftIst);0(BoxluftIst);1(LTINeu);0(BoxluftNeu)
"Sun, 07 Feb 16 05:37:01 +0100";15.125;14.187;10.562;14.375;1(Licht1);1(Licht2);1(LTIIst);0(UmluftIst);0(BoxluftIst);1(LTINeu);0(BoxluftNeu)
"Sun, 07 Feb 16 05:38:02 +0100";15.187;14.187;10.562;14.375;1(Licht1);1(Licht2);1(LTIIst);0(UmluftIst);0(BoxluftIst);1(LTINeu);0(BoxluftNeu)
"Sun, 07 Feb 16 05:39:01 +0100";15.187;14.187;10.562;14.437;1(Licht1);1(Licht2);1(LTIIst);0(UmluftIst);0(BoxluftIst);1(LTINeu);0(BoxluftNeu)
"Sun, 07 Feb 16 05:40:01 +0100";15.187;14.187;10.562;14.437;1(Licht1);1(Licht2);1(LTIIst);0(UmluftIst);0(BoxluftIst);1(LTINeu);0(BoxluftNeu);"0(Umluft fuer 10)"
"Sun, 07 Feb 16 05:41:01 +0100";15.062;14.187;10.562;14.437;1(Licht1);1(Licht2);1(LTIIst);1(UmluftIst);0(BoxluftIst);1(LTINeu);0(BoxluftNeu)
"Sun, 07 Feb 16 05:42:01 +0100";15.062;14.187;10.562;14.437;1(Licht1);1(Licht2);1(LTIIst);1(UmluftIst);0(BoxluftIst);1(LTINeu);0(BoxluftNeu)
"Sun, 07 Feb 16 05:43:02 +0100";15.062;14.187;10.625;14.375;1(Licht1);1(Licht2);1(LTIIst);1(UmluftIst);0(BoxluftIst);1(LTINeu);0(BoxluftNeu)
"Sun, 07 Feb 16 05:44:01 +0100";14.812;14.187;10.562;14.312;1(Licht1);1(Licht2);1(LTIIst);1(UmluftIst);0(BoxluftIst);1(LTINeu);0(BoxluftNeu)
"Sun, 07 Feb 16 05:45:01 +0100";14.937;14.187;10.562;14.312;1(Licht1);1(Licht2);1(LTIIst);1(UmluftIst);0(BoxluftIst);1(LTINeu);0(BoxluftNeu)
"Sun, 07 Feb 16 05:46:01 +0100";15.062;14.125;10.625;14.312;1(Licht1);1(Licht2);1(LTIIst);1(UmluftIst);0(BoxluftIst);1(LTINeu);0(BoxluftNeu)
"Sun, 07 Feb 16 05:47:01 +0100";15.125;14.187;10.562;14.312;1(Licht1);1(Licht2);1(LTIIst);1(UmluftIst);0(BoxluftIst);1(LTINeu);0(BoxluftNeu)
"Sun, 07 Feb 16 05:48:02 +0100";15.25;14.187;10.625;14.375;1(Licht1);1(Licht2);1(LTIIst);1(UmluftIst);0(BoxluftIst);1(LTINeu);0(BoxluftNeu)
"Sun, 07 Feb 16 05:49:01 +0100";15.312;14.25;10.625;14.375;1(Licht1);1(Licht2);1(LTIIst);1(UmluftIst);0(BoxluftIst);1(LTINeu);0(BoxluftNeu)
"Sun, 07 Feb 16 05:50:01 +0100";15.25;14.25;10.625;14.437;1(Licht1);1(Licht2);1(LTIIst);1(UmluftIst);0(BoxluftIst);1(LTINeu);0(BoxluftNeu)
"Sun, 07 Feb 16 05:51:01 +0100";15.25;14.25;10.625;14.437;1(Licht1);1(Licht2);1(LTIIst);0(UmluftIst);0(BoxluftIst);1(LTINeu);0(BoxluftNeu)
"Sun, 07 Feb 16 05:52:02 +0100";15.125;14.25;10.625;14.375;1(Licht1);1(Licht2);1(LTIIst);0(UmluftIst);0(BoxluftIst);1(LTINeu);0(BoxluftNeu)
"Sun, 07 Feb 16 05:53:01 +0100";15.062;14.25;10.625;14.437;1(Licht1);1(Licht2);1(LTIIst);0(UmluftIst);0(BoxluftIst);1(LTINeu);0(BoxluftNeu)
"Sun, 07 Feb 16 05:54:01 +0100";15.187;14.25;10.625;14.437;1(Licht1);1(Licht2);1(LTIIst);0(UmluftIst);0(BoxluftIst);1(LTINeu);0(BoxluftNeu)
"Sun, 07 Feb 16 05:55:01 +0100";15.25;14.25;10.625;14.375;1(Licht1);1(Licht2);1(LTIIst);0(UmluftIst);0(BoxluftIst);1(LTINeu);0(BoxluftNeu)
"Sun, 07 Feb 16 05:56:01 +0100";15.187;14.25;10.687;14.375;1(Licht1);1(Licht2);1(LTIIst);0(UmluftIst);0(BoxluftIst);1(LTINeu);0(BoxluftNeu)
"Sun, 07 Feb 16 05:57:01 +0100";15;14.25;10.625;14.375;1(Licht1);1(Licht2);1(LTIIst);0(UmluftIst);0(BoxluftIst);1(LTINeu);0(BoxluftNeu)
"Sun, 07 Feb 16 05:58:01 +0100";15;14.312;10.625;14.437;1(Licht1);1(Licht2);1(LTIIst);0(UmluftIst);0(BoxluftIst);1(LTINeu);0(BoxluftNeu)
"Sun, 07 Feb 16 05:59:01 +0100";15.125;14.312;10.625;14.437;1(Licht1);1(Licht2);1(LTIIst);0(UmluftIst);0(BoxluftIst);1(LTINeu);0(BoxluftNeu)
"Sun, 07 Feb 16 06:00:01 +0100";15.062;14.375;10.687;14.5;1(Licht1);1(Licht2);1(LTIIst);0(UmluftIst);0(BoxluftIst);1(LTINeu);0(BoxluftNeu);"0(Umluft fuer 10)"
"Sun, 07 Feb 16 06:01:02 +0100";15.25;14.375;10.687;14.5;1(Licht1);1(Licht2);1(LTIIst);1(UmluftIst);0(BoxluftIst);1(LTINeu);0(BoxluftNeu)
"Sun, 07 Feb 16 06:02:01 +0100";15.312;14.375;10.687;14.5;1(Licht1);1(Licht2);1(LTIIst);1(UmluftIst);0(BoxluftIst);1(LTINeu);0(BoxluftNeu)
"Sun, 07 Feb 16 06:03:01 +0100";15.312;14.437;10.75;14.562;1(Licht1);1(Licht2);1(LTIIst);1(UmluftIst);0(BoxluftIst);1(LTINeu);0(BoxluftNeu)
"Sun, 07 Feb 16 06:04:01 +0100";15.375;14.437;10.75;14.625;1(Licht1);1(Licht2);1(LTIIst);1(UmluftIst);0(BoxluftIst);1(LTINeu);0(BoxluftNeu)
"Sun, 07 Feb 16 06:05:01 +0100";15.5;14.437;10.75;14.625;1(Licht1);1(Licht2);1(LTIIst);1(UmluftIst);0(BoxluftIst);1(LTINeu);0(BoxluftNeu)
"Sun, 07 Feb 16 06:06:02 +0100";15.5;14.5;10.75;14.625;1(Licht1);1(Licht2);1(LTIIst);1(UmluftIst);0(BoxluftIst);1(LTINeu);0(BoxluftNeu)
"Sun, 07 Feb 16 06:07:02 +0100";15.375;14.5;10.75;14.687;1(Licht1);1(Licht2);1(LTIIst);1(UmluftIst);0(BoxluftIst);1(LTINeu);0(BoxluftNeu)
"Sun, 07 Feb 16 06:08:01 +0100";15.312;14.5;10.75;14.687;1(Licht1);1(Licht2);1(LTIIst);1(UmluftIst);0(BoxluftIst);1(LTINeu);0(BoxluftNeu)
"Sun, 07 Feb 16 06:09:01 +0100";15.312;14.5;10.75;14.625;1(Licht1);1(Licht2);1(LTIIst);1(UmluftIst);0(BoxluftIst);1(LTINeu);0(BoxluftNeu)
"Sun, 07 Feb 16 06:10:01 +0100";15.312;14.5;10.75;14.625;1(Licht1);1(Licht2);1(LTIIst);1(UmluftIst);0(BoxluftIst);1(LTINeu);0(BoxluftNeu)
"Sun, 07 Feb 16 06:11:01 +0100";15.375;14.5;10.75;14.625;1(Licht1);1(Licht2);1(LTIIst);0(UmluftIst);0(BoxluftIst);1(LTINeu);0(BoxluftNeu)
"Sun, 07 Feb 16 06:12:01 +0100";15.312;14.5;10.75;14.625;1(Licht1);1(Licht2);1(LTIIst);0(UmluftIst);0(BoxluftIst);1(LTINeu);0(BoxluftNeu)
"Sun, 07 Feb 16 06:13:01 +0100";15.312;14.5;10.75;14.625;1(Licht1);1(Licht2);1(LTIIst);0(UmluftIst);0(BoxluftIst);1(LTINeu);0(BoxluftNeu)
"Sun, 07 Feb 16 06:14:01 +0100";15.25;14.562;10.75;14.687;1(Licht1);1(Licht2);1(LTIIst);0(UmluftIst);0(BoxluftIst);1(LTINeu);0(BoxluftNeu)
"Sun, 07 Feb 16 06:15:02 +0100";15.25;14.562;10.75;14.75;1(Licht1);1(Licht2);1(LTIIst);0(UmluftIst);0(BoxluftIst);1(LTINeu);0(BoxluftNeu)
"Sun, 07 Feb 16 06:16:01 +0100";15.25;14.562;10.75;14.75;1(Licht1);1(Licht2);1(LTIIst);0(UmluftIst);0(BoxluftIst);1(LTINeu);0(BoxluftNeu)
"Sun, 07 Feb 16 06:17:01 +0100";15.562;14.562;10.812;14.687;1(Licht1);1(Licht2);1(LTIIst);0(UmluftIst);0(BoxluftIst);1(LTINeu);0(BoxluftNeu)
"Sun, 07 Feb 16 06:18:01 +0100";15.562;14.5;10.812;14.687;1(Licht1);1(Licht2);1(LTIIst);0(UmluftIst);0(BoxluftIst);1(LTINeu);0(BoxluftNeu)
"Sun, 07 Feb 16 06:19:02 +0100";15.437;14.5;10.812;14.687;1(Licht1);1(Licht2);1(LTIIst);0(UmluftIst);0(BoxluftIst);1(LTINeu);0(BoxluftNeu)
"Sun, 07 Feb 16 06:20:01 +0100";15.375;14.562;10.75;14.687;1(Licht1);1(Licht2);1(LTIIst);0(UmluftIst);0(BoxluftIst);1(LTINeu);0(BoxluftNeu);"0(Umluft fuer 10)"
"Sun, 07 Feb 16 06:21:01 +0100";15.5;14.562;10.812;14.687;1(Licht1);1(Licht2);1(LTIIst);1(UmluftIst);0(BoxluftIst);1(LTINeu);0(BoxluftNeu)
"Sun, 07 Feb 16 06:22:01 +0100";15.562;14.562;10.812;14.687;1(Licht1);1(Licht2);1(LTIIst);1(UmluftIst);0(BoxluftIst);1(LTINeu);0(BoxluftNeu)
"Sun, 07 Feb 16 06:23:02 +0100";15.687;14.625;10.875;14.75;1(Licht1);1(Licht2);1(LTIIst);1(UmluftIst);0(BoxluftIst);1(LTINeu);0(BoxluftNeu)
"Sun, 07 Feb 16 06:24:01 +0100";15.687;14.625;10.937;14.75;1(Licht1);1(Licht2);1(LTIIst);1(UmluftIst);0(BoxluftIst);1(LTINeu);0(BoxluftNeu)
"Sun, 07 Feb 16 06:25:01 +0100";15.625;14.625;10.875;14.812;1(Licht1);1(Licht2);1(LTIIst);1(UmluftIst);0(BoxluftIst);1(LTINeu);0(BoxluftNeu)
"Sun, 07 Feb 16 06:26:02 +0100";15.625;14.625;10.875;14.812;1(Licht1);1(Licht2);1(LTIIst);1(UmluftIst);0(BoxluftIst);1(LTINeu);0(BoxluftNeu)
"Sun, 07 Feb 16 06:27:01 +0100";15.687;14.687;10.875;14.812;1(Licht1);1(Licht2);1(LTIIst);1(UmluftIst);0(BoxluftIst);1(LTINeu);0(BoxluftNeu)
"Sun, 07 Feb 16 06:28:01 +0100";15.75;14.687;10.937;14.812;1(Licht1);1(Licht2);1(LTIIst);1(UmluftIst);0(BoxluftIst);1(LTINeu);0(BoxluftNeu)
"Sun, 07 Feb 16 06:29:02 +0100";15.687;14.687;10.937;14.875;1(Licht1);1(Licht2);1(LTIIst);1(UmluftIst);0(BoxluftIst);1(LTINeu);0(BoxluftNeu)
"Sun, 07 Feb 16 06:30:01 +0100";15.625;14.687;10.937;14.875;1(Licht1);1(Licht2);1(LTIIst);1(UmluftIst);0(BoxluftIst);1(LTINeu);0(BoxluftNeu)
"Sun, 07 Feb 16 06:31:01 +0100";15.5;14.687;10.875;14.812;1(Licht1);1(Licht2);1(LTIIst);0(UmluftIst);0(BoxluftIst);1(LTINeu);0(BoxluftNeu)
"Sun, 07 Feb 16 06:32:01 +0100";15.5;14.687;10.875;14.812;1(Licht1);1(Licht2);1(LTIIst);0(UmluftIst);0(BoxluftIst);1(LTINeu);0(BoxluftNeu)
"Sun, 07 Feb 16 06:33:02 +0100";15.312;14.625;10.875;14.75;1(Licht1);1(Licht2);1(LTIIst);0(UmluftIst);0(BoxluftIst);1(LTINeu);0(BoxluftNeu)
"Sun, 07 Feb 16 06:34:01 +0100";15.312;14.687;10.875;14.812;1(Licht1);1(Licht2);1(LTIIst);0(UmluftIst);0(BoxluftIst);1(LTINeu);0(BoxluftNeu)
"Sun, 07 Feb 16 06:35:01 +0100";15.25;14.687;10.875;14.812;1(Licht1);1(Licht2);1(LTIIst);0(UmluftIst);0(BoxluftIst);1(LTINeu);0(BoxluftNeu)
"Sun, 07 Feb 16 06:36:01 +0100";15.312;14.687;10.875;14.812;1(Licht1);1(Licht2);1(LTIIst);0(UmluftIst);0(BoxluftIst);1(LTINeu);0(BoxluftNeu)
"Sun, 07 Feb 16 06:37:01 +0100";15.437;14.687;10.875;14.812;1(Licht1);1(Licht2);1(LTIIst);0(UmluftIst);0(BoxluftIst);1(LTINeu);0(BoxluftNeu)
"Sun, 07 Feb 16 06:38:02 +0100";15.437;14.75;10.875;14.812;1(Licht1);1(Licht2);1(LTIIst);0(UmluftIst);0(BoxluftIst);1(LTINeu);0(BoxluftNeu)
"Sun, 07 Feb 16 06:39:01 +0100";15.437;14.75;10.875;14.812;1(Licht1);1(Licht2);1(LTIIst);0(UmluftIst);0(BoxluftIst);1(LTINeu);0(BoxluftNeu)
"Sun, 07 Feb 16 06:40:01 +0100";15.375;14.75;10.875;14.812;1(Licht1);1(Licht2);1(LTIIst);0(UmluftIst);0(BoxluftIst);1(LTINeu);0(BoxluftNeu);"0(Umluft fuer 10)"
"Sun, 07 Feb 16 06:41:01 +0100";15.437;14.812;10.875;14.875;1(Licht1);1(Licht2);1(LTIIst);1(UmluftIst);0(BoxluftIst);1(LTINeu);0(BoxluftNeu)
"Sun, 07 Feb 16 06:42:01 +0100";15.437;14.75;10.875;14.875;1(Licht1);1(Licht2);1(LTIIst);1(UmluftIst);0(BoxluftIst);1(LTINeu);0(BoxluftNeu)
"Sun, 07 Feb 16 06:43:02 +0100";15.437;14.812;10.875;14.875;1(Licht1);1(Licht2);1(LTIIst);1(UmluftIst);0(BoxluftIst);1(LTINeu);0(BoxluftNeu)
"Sun, 07 Feb 16 06:44:01 +0100";15.437;14.812;10.875;14.937;1(Licht1);1(Licht2);1(LTIIst);1(UmluftIst);0(BoxluftIst);1(LTINeu);0(BoxluftNeu)
"Sun, 07 Feb 16 06:45:01 +0100";15.562;14.812;10.875;14.937;1(Licht1);1(Licht2);1(LTIIst);1(UmluftIst);0(BoxluftIst);1(LTINeu);0(BoxluftNeu)
"Sun, 07 Feb 16 06:46:01 +0100";15.562;14.812;10.937;14.937;1(Licht1);1(Licht2);1(LTIIst);1(UmluftIst);0(BoxluftIst);1(LTINeu);0(BoxluftNeu)
"Sun, 07 Feb 16 06:47:01 +0100";15.687;14.875;10.937;14.937;1(Licht1);1(Licht2);1(LTIIst);1(UmluftIst);0(BoxluftIst);1(LTINeu);0(BoxluftNeu)
"Sun, 07 Feb 16 06:48:01 +0100";15.687;14.875;11;15;1(Licht1);1(Licht2);1(LTIIst);1(UmluftIst);0(BoxluftIst);1(LTINeu);0(BoxluftNeu)
"Sun, 07 Feb 16 06:49:02 +0100";15.937;14.875;11.062;14.937;1(Licht1);1(Licht2);1(LTIIst);1(UmluftIst);0(BoxluftIst);1(LTINeu);0(BoxluftNeu)
"Sun, 07 Feb 16 06:50:01 +0100";15.937;14.812;11.062;14.937;1(Licht1);1(Licht2);1(LTIIst);1(UmluftIst);0(BoxluftIst);1(LTINeu);0(BoxluftNeu)
"Sun, 07 Feb 16 06:51:01 +0100";15.937;14.812;11.062;14.937;1(Licht1);1(Licht2);1(LTIIst);0(UmluftIst);0(BoxluftIst);1(LTINeu);0(BoxluftNeu)
"Sun, 07 Feb 16 06:52:01 +0100";15.937;14.875;11.062;15;1(Licht1);1(Licht2);1(LTIIst);0(UmluftIst);0(BoxluftIst);1(LTINeu);0(BoxluftNeu)
"Sun, 07 Feb 16 06:53:01 +0100";15.937;14.875;11.062;15;1(Licht1);1(Licht2);1(LTIIst);0(UmluftIst);0(BoxluftIst);1(LTINeu);0(BoxluftNeu)
"Sun, 07 Feb 16 06:54:01 +0100";15.937;14.875;11;15;1(Licht1);1(Licht2);1(LTIIst);0(UmluftIst);0(BoxluftIst);1(LTINeu);0(BoxluftNeu)
"Sun, 07 Feb 16 06:55:01 +0100";15.75;14.875;11;14.937;1(Licht1);1(Licht2);1(LTIIst);0(UmluftIst);0(BoxluftIst);1(LTINeu);0(BoxluftNeu)
"Sun, 07 Feb 16 06:56:01 +0100";15.687;14.875;10.937;14.937;1(Licht1);1(Licht2);1(LTIIst);0(UmluftIst);0(BoxluftIst);1(LTINeu);0(BoxluftNeu)
"Sun, 07 Feb 16 06:57:01 +0100";15.625;14.875;10.937;15;1(Licht1);1(Licht2);1(LTIIst);0(UmluftIst);0(BoxluftIst);1(LTINeu);0(BoxluftNeu)
"Sun, 07 Feb 16 06:58:02 +0100";15.812;14.875;11;15;1(Licht1);1(Licht2);1(LTIIst);0(UmluftIst);0(BoxluftIst);1(LTINeu);0(BoxluftNeu)
"Sun, 07 Feb 16 06:59:01 +0100";15.937;14.875;11.062;14.937;1(Licht1);1(Licht2);1(LTIIst);0(UmluftIst);0(BoxluftIst);1(LTINeu);0(BoxluftNeu)
"Sun, 07 Feb 16 07:00:01 +0100";15.937;14.875;11.062;14.937;1(Licht1);1(Licht2);1(LTIIst);0(UmluftIst);0(BoxluftIst);1(LTINeu);0(BoxluftNeu);"0(Umluft fuer 10)"
"Sun, 07 Feb 16 07:01:01 +0100";16;14.875;11.062;14.937;1(Licht1);1(Licht2);1(LTIIst);1(UmluftIst);0(BoxluftIst);1(LTINeu);0(BoxluftNeu)
"Sun, 07 Feb 16 07:02:01 +0100";15.812;14.875;11;14.937;1(Licht1);1(Licht2);1(LTIIst);1(UmluftIst);0(BoxluftIst);1(LTINeu);0(BoxluftNeu)
"Sun, 07 Feb 16 07:03:01 +0100";15.687;14.875;11;14.937;1(Licht1);1(Licht2);1(LTIIst);1(UmluftIst);0(BoxluftIst);1(LTINeu);0(BoxluftNeu)
"Sun, 07 Feb 16 07:04:01 +0100";15.625;14.937;10.937;15;1(Licht1);1(Licht2);1(LTIIst);1(UmluftIst);0(BoxluftIst);1(LTINeu);0(BoxluftNeu)
"Sun, 07 Feb 16 07:05:01 +0100";15.687;14.937;11;15;1(Licht1);1(Licht2);1(LTIIst);1(UmluftIst);0(BoxluftIst);1(LTINeu);0(BoxluftNeu)
"Sun, 07 Feb 16 07:06:01 +0100";15.812;14.937;11;15.062;1(Licht1);1(Licht2);1(LTIIst);1(UmluftIst);0(BoxluftIst);1(LTINeu);0(BoxluftNeu)
"Sun, 07 Feb 16 07:07:01 +0100";15.812;14.937;11;15;1(Licht1);1(Licht2);1(LTIIst);1(UmluftIst);0(BoxluftIst);1(LTINeu);0(BoxluftNeu)
"Sun, 07 Feb 16 07:08:01 +0100";15.625;14.937;10.937;15.062;1(Licht1);1(Licht2);1(LTIIst);1(UmluftIst);0(BoxluftIst);1(LTINeu);0(BoxluftNeu)
"Sun, 07 Feb 16 07:09:02 +0100";15.625;14.937;11;15;1(Licht1);1(Licht2);1(LTIIst);1(UmluftIst);0(BoxluftIst);1(LTINeu);0(BoxluftNeu)
"Sun, 07 Feb 16 07:10:01 +0100";15.625;14.937;11;15.062;1(Licht1);1(Licht2);1(LTIIst);1(UmluftIst);0(BoxluftIst);1(LTINeu);0(BoxluftNeu)
"Sun, 07 Feb 16 07:11:01 +0100";15.562;14.937;11;15.062;1(Licht1);1(Licht2);1(LTIIst);0(UmluftIst);0(BoxluftIst);1(LTINeu);0(BoxluftNeu)
"Sun, 07 Feb 16 07:12:01 +0100";15.625;14.937;11;15.062;1(Licht1);1(Licht2);1(LTIIst);0(UmluftIst);0(BoxluftIst);1(LTINeu);0(BoxluftNeu)
"Sun, 07 Feb 16 07:13:02 +0100";15.687;14.937;11;15.062;1(Licht1);1(Licht2);1(LTIIst);0(UmluftIst);0(BoxluftIst);1(LTINeu);0(BoxluftNeu)
"Sun, 07 Feb 16 07:14:01 +0100";15.75;14.937;11;15.062;1(Licht1);1(Licht2);1(LTIIst);0(UmluftIst);0(BoxluftIst);1(LTINeu);0(BoxluftNeu)
"Sun, 07 Feb 16 07:15:01 +0100";15.875;14.937;11;15.062;1(Licht1);1(Licht2);1(LTIIst);0(UmluftIst);0(BoxluftIst);1(LTINeu);0(BoxluftNeu)
"Sun, 07 Feb 16 07:16:01 +0100";15.812;14.937;11.062;15.062;1(Licht1);1(Licht2);1(LTIIst);0(UmluftIst);0(BoxluftIst);1(LTINeu);0(BoxluftNeu)
"Sun, 07 Feb 16 07:17:02 +0100";15.812;15;11.062;15.125;1(Licht1);1(Licht2);1(LTIIst);0(UmluftIst);0(BoxluftIst);1(LTINeu);0(BoxluftNeu)
"Sun, 07 Feb 16 07:18:01 +0100";15.812;15.062;11.062;15.125;1(Licht1);1(Licht2);1(LTIIst);0(UmluftIst);0(BoxluftIst);1(LTINeu);0(BoxluftNeu)
"Sun, 07 Feb 16 07:19:01 +0100";15.875;15.062;11.062;15.125;1(Licht1);1(Licht2);1(LTIIst);0(UmluftIst);0(BoxluftIst);1(LTINeu);0(BoxluftNeu)
"Sun, 07 Feb 16 07:20:01 +0100";16;15;11.125;15.125;1(Licht1);1(Licht2);1(LTIIst);0(UmluftIst);0(BoxluftIst);1(LTINeu);0(BoxluftNeu);"0(Umluft fuer 10)"
"Sun, 07 Feb 16 07:21:01 +0100";16;15;11.125;15.187;1(Licht1);1(Licht2);1(LTIIst);1(UmluftIst);0(BoxluftIst);1(LTINeu);0(BoxluftNeu)
"Sun, 07 Feb 16 07:22:01 +0100";16.125;15;11.187;15.187;1(Licht1);1(Licht2);1(LTIIst);1(UmluftIst);0(BoxluftIst);1(LTINeu);0(BoxluftNeu)
"Sun, 07 Feb 16 07:23:02 +0100";16.125;15;11.125;15.187;1(Licht1);1(Licht2);1(LTIIst);1(UmluftIst);0(BoxluftIst);1(LTINeu);0(BoxluftNeu)
"Sun, 07 Feb 16 07:24:01 +0100";16.125;15.062;11.125;15.187;1(Licht1);1(Licht2);1(LTIIst);1(UmluftIst);0(BoxluftIst);1(LTINeu);0(BoxluftNeu)
"Sun, 07 Feb 16 07:25:01 +0100";16.187;15;11.125;15.125;1(Licht1);1(Licht2);1(LTIIst);1(UmluftIst);0(BoxluftIst);1(LTINeu);0(BoxluftNeu)
"Sun, 07 Feb 16 07:26:01 +0100";16.062;15.062;11.125;15.187;1(Licht1);1(Licht2);1(LTIIst);1(UmluftIst);0(BoxluftIst);1(LTINeu);0(BoxluftNeu)
"Sun, 07 Feb 16 07:27:01 +0100";16.062;15.062;11.125;15.125;1(Licht1);1(Licht2);1(LTIIst);1(UmluftIst);0(BoxluftIst);1(LTINeu);0(BoxluftNeu)
"Sun, 07 Feb 16 07:28:02 +0100";15.812;15;11.062;15.125;1(Licht1);1(Licht2);1(LTIIst);1(UmluftIst);0(BoxluftIst);1(LTINeu);0(BoxluftNeu)
"Sun, 07 Feb 16 07:29:01 +0100";15.875;15.062;11.062;15.187;1(Licht1);1(Licht2);1(LTIIst);1(UmluftIst);0(BoxluftIst);1(LTINeu);0(BoxluftNeu)
"Sun, 07 Feb 16 07:30:01 +0100";16.062;15.062;11.125;15.187;1(Licht1);1(Licht2);1(LTIIst);1(UmluftIst);0(BoxluftIst);1(LTINeu);0(BoxluftNeu)
"Sun, 07 Feb 16 07:31:01 +0100";16.125;15.062;11.125;15.187;1(Licht1);1(Licht2);1(LTIIst);0(UmluftIst);0(BoxluftIst);1(LTINeu);0(BoxluftNeu)
"Sun, 07 Feb 16 07:32:02 +0100";16.25;15.062;11.187;15.25;1(Licht1);1(Licht2);1(LTIIst);0(UmluftIst);0(BoxluftIst);1(LTINeu);0(BoxluftNeu)
"Sun, 07 Feb 16 07:33:01 +0100";16.25;15.062;11.187;15.187;1(Licht1);1(Licht2);1(LTIIst);0(UmluftIst);0(BoxluftIst);1(LTINeu);0(BoxluftNeu)
"Sun, 07 Feb 16 07:34:01 +0100";16.25;15.062;11.187;15.187;1(Licht1);1(Licht2);1(LTIIst);0(UmluftIst);0(BoxluftIst);1(LTINeu);0(BoxluftNeu)
"Sun, 07 Feb 16 07:35:01 +0100";16.312;15.062;11.187;15.187;1(Licht1);1(Licht2);1(LTIIst);0(UmluftIst);0(BoxluftIst);1(LTINeu);0(BoxluftNeu)
"Sun, 07 Feb 16 07:36:02 +0100";16.312;15.125;11.187;15.187;1(Licht1);1(Licht2);1(LTIIst);0(UmluftIst);0(BoxluftIst);1(LTINeu);0(BoxluftNeu)
